age,workclass,education,education_num,marital_status,occupation,relationship,race,sex,capital_gain,capital_loss,hours_per_week,native_country
22,Self-emp-not-inc,Bachelors,4,Married-civ-spouse,Exec-managerial,Husband,Black,Female,0,115,32,United-States
24,Private,HS-grad,9,Divorced,Handlers-cleaners,Wife,Asian-Pac-Islander,Male,0,115,35,United-States
27,Federal-gov,11th,11,Married-spouse-absent,Prof-specialty,Own-child,Amer-Indian-Eskimo,Female,0,115,40,United-States
28,Local-gov,Masters,13,Separated,Other-service,Unmarried,Other,Male,0,115,42,United-States
30,Self-emp-inc,9th,14,Married-AF-spouse,Sales,Other-relative,White,Female,0,115,44,United-States
37,Without-pay,Some-college,15,Widowed,Transport-moving,Not-in-family,Black,Male,0,115,50,United-States
89,State-gov,Assoc-acdm,1,Never-married,Farming-fishing,Husband,Asian-Pac-Islander,Female,0,115,65,United-States
17,Self-emp-not-inc,7th-8th,9,Married-spouse-absent,Machine-op-inspct,Unmarried,White,Male,0,115,31,United-States
22,Federal-gov,Doctorate,13,Married-AF-spouse,Tech-support,Not-in-family,Amer-Indian-Eskimo,Male,0,115,35,United-States
24,Local-gov,Assoc-voc,14,Widowed,Craft-repair,Husband,Other,Female,0,115,40,United-States
27,Self-emp-inc,Prof-school,15,Never-married,Protective-serv,Wife,White,Male,0,115,42,United-States
28,Without-pay,5th-6th,1,Married-civ-spouse,Armed-Forces,Own-child,Asian-Pac-Islander,Male,0,115,44,United-States
30,State-gov,10th,4,Divorced,Priv-house-serv,Unmarried,Amer-Indian-Eskimo,Female,0,115,50,United-States
37,Private,Preschool,11,Separated,Adm-clerical,Other-relative,Other,Female,0,115,65,United-States
89,Federal-gov,12th,14,Divorced,Exec-managerial,Not-in-family,Other,Male,0,115,31,United-States
17,Local-gov,1st-4th,15,Married-AF-spouse,Handlers-cleaners,Own-child,Other,Female,0,115,32,United-States
24,Without-pay,Bachelors,1,Married-AF-spouse,Prof-specialty,Other-relative,Black,Male,3820,1564,42,Cuba
27,State-gov,HS-grad,4,Widowed,Other-service,Not-in-family,Asian-Pac-Islander,Female,3103,1587,44,Cuba
28,Self-emp-not-inc,11th,9,Never-married,Sales,Wife,Other,Female,4386,1816,50,Cuba
30,Federal-gov,Masters,15,Married-civ-spouse,Transport-moving,Unmarried,Amer-Indian-Eskimo,Male,12099,1828,65,Cuba
37,Local-gov,9th,11,Divorced,Farming-fishing,Husband,Black,Male,3103,1894,31,Cuba
89,Self-emp-inc,Some-college,13,Married-spouse-absent,Machine-op-inspct,Wife,Asian-Pac-Islander,Female,12099,2008,32,Cuba
17,Private,Assoc-acdm,14,Separated,Tech-support,Own-child,Black,Male,4386,2507,40,Cuba
22,Self-emp-inc,7th-8th,11,Widowed,Craft-repair,Unmarried,Asian-Pac-Islander,Female,4386,1564,35,Cuba
24,Self-emp-not-inc,Doctorate,11,Married-civ-spouse,Protective-serv,Other-relative,Amer-Indian-Eskimo,Female,3820,1587,50,Cuba
27,Private,Assoc-voc,13,Divorced,Armed-Forces,Other-relative,Black,Male,12099,1816,65,Cuba
28,Private,Prof-school,1,Widowed,Priv-house-serv,Not-in-family,Amer-Indian-Eskimo,Female,3820,1828,31,Cuba
30,Without-pay,5th-6th,9,Never-married,Adm-clerical,Not-in-family,Amer-Indian-Eskimo,Female,3103,1894,32,Cuba
37,State-gov,10th,14,Married-spouse-absent,Exec-managerial,Own-child,Other,Male,3820,2008,35,Cuba
89,Self-emp-not-inc,Preschool,4,Widowed,Handlers-cleaners,Own-child,Amer-Indian-Eskimo,Male,12099,2507,42,Cuba
17,Self-emp-inc,12th,9,Separated,Prof-specialty,Husband,Amer-Indian-Eskimo,Female,3820,1587,65,Cuba
22,Without-pay,1st-4th,1,Married-spouse-absent,Other-service,Wife,Black,Male,3103,1816,40,Cuba
27,Local-gov,Bachelors,4,Separated,Sales,Wife,Asian-Pac-Islander,Male,3820,1828,35,Jamaica
28,Self-emp-inc,HS-grad,13,Married-AF-spouse,Transport-moving,Other-relative,Other,Female,3103,1894,40,Jamaica
30,Private,11th,15,Married-civ-spouse,Farming-fishing,Husband,Black,Male,4386,2008,42,Jamaica
37,Federal-gov,Masters,1,Never-married,Machine-op-inspct,Unmarried,Black,Female,3820,2507,44,Jamaica
89,State-gov,9th,9,Married-civ-spouse,Tech-support,Wife,Other,Female,12099,1564,50,Jamaica
17,State-gov,Some-college,11,Married-AF-spouse,Craft-repair,Own-child,Asian-Pac-Islander,Male,12099,1816,31,Jamaica
22,Without-pay,Assoc-acdm,14,Divorced,Protective-serv,Unmarried,Other,Male,4386,1828,32,Jamaica
24,Self-emp-not-inc,7th-8th,15,Married-spouse-absent,Armed-Forces,Not-in-family,Asian-Pac-Islander,Female,3103,1894,65,Jamaica
27,Local-gov,Doctorate,9,Separated,Priv-house-serv,Husband,Amer-Indian-Eskimo,Male,4386,2008,44,Jamaica
28,Federal-gov,Assoc-voc,15,Divorced,Adm-clerical,Wife,Black,Male,12099,1587,35,Jamaica
30,Local-gov,Prof-school,13,Married-civ-spouse,Exec-managerial,Other-relative,Asian-Pac-Islander,Female,3103,2507,40,Jamaica
37,Self-emp-not-inc,5th-6th,13,Never-married,Handlers-cleaners,Husband,Amer-Indian-Eskimo,Female,12099,1564,40,Jamaica
89,Private,10th,15,Separated,Prof-specialty,Unmarried,Other,Male,3103,1816,44,Jamaica
17,Federal-gov,Preschool,9,Married-AF-spouse,Other-service,Husband,Black,Female,3103,1828,50,Jamaica
22,State-gov,12th,15,Widowed,Sales,Other-relative,Black,Female,4386,1894,42,Jamaica
24,Self-emp-inc,1st-4th,4,Never-married,Transport-moving,Other-relative,Asian-Pac-Islander,Female,4386,2008,31,Jamaica
28,State-gov,Bachelors,11,Married-spouse-absent,Farming-fishing,Not-in-family,Other,Female,12099,2507,32,India
30,Local-gov,HS-grad,14,Separated,Machine-op-inspct,Own-child,Amer-Indian-Eskimo,Male,3103,1564,65,India
37,Without-pay,11th,4,Married-AF-spouse,Tech-support,Unmarried,Asian-Pac-Islander,Male,4386,1587,31,India
89,Self-emp-not-inc,Masters,1,Divorced,Craft-repair,Other-relative,Black,Female,3820,1894,35,India
17,Federal-gov,9th,4,Widowed,Protective-serv,Not-in-family,Asian-Pac-Islander,Male,4386,2008,40,India
22,Self-emp-inc,Some-college,9,Never-married,Armed-Forces,Own-child,Amer-Indian-Eskimo,Female,3820,2507,50,India
24,Federal-gov,Assoc-acdm,13,Married-civ-spouse,Priv-house-serv,Not-in-family,Asian-Pac-Islander,Female,12099,1816,42,India
27,Self-emp-not-inc,7th-8th,14,Married-AF-spouse,Adm-clerical,Wife,Other,Male,12099,1828,44,India
28,Private,Doctorate,4,Married-spouse-absent,Exec-managerial,Husband,Other,Male,4386,1564,65,India
30,Without-pay,Assoc-voc,11,Separated,Handlers-cleaners,Wife,Amer-Indian-Eskimo,Male,3820,1587,31,India
37,State-gov,Prof-school,14,Widowed,Prof-specialty,Wife,Asian-Pac-Islander,Female,3820,1816,32,India
89,Self-emp-inc,5th-6th,11,Never-married,Other-service,Other-relative,Black,Female,4386,1828,35,India
17,Federal-gov,10th,1,Married-civ-spouse,Sales,Other-relative,Amer-Indian-Eskimo,Female,12099,1564,32,India
22,Local-gov,Preschool,1,Married-spouse-absent,Transport-moving,Own-child,Other,Female,3820,1587,44,India
24,State-gov,12th,13,Separated,Farming-fishing,Own-child,Asian-Pac-Islander,Male,3820,1828,40,India
27,Private,1st-4th,14,Married-civ-spouse,Machine-op-inspct,Unmarried,Amer-Indian-Eskimo,Female,12099,1894,50,India
30,Self-emp-inc,Bachelors,1,Widowed,Tech-support,Husband,Amer-Indian-Eskimo,Female,3103,1816,65,Mexico
37,Without-pay,HS-grad,9,Married-spouse-absent,Craft-repair,Other-relative,Black,Male,12099,1828,42,Mexico
89,Local-gov,11th,13,Married-AF-spouse,Protective-serv,Not-in-family,Other,Male,3103,2507,35,Mexico
17,Without-pay,Masters,11,Divorced,Armed-Forces,Wife,Asian-Pac-Islander,Male,4386,2008,50,Mexico
22,Private,9th,15,Never-married,Priv-house-serv,Own-child,Black,Male,3820,1587,32,Mexico
24,Self-emp-not-inc,Some-college,4,Divorced,Adm-clerical,Unmarried,Other,Male,4386,1564,44,Mexico
27,Federal-gov,Assoc-acdm,15,Separated,Exec-managerial,Wife,Amer-Indian-Eskimo,Male,12099,1894,31,Mexico
28,State-gov,7th-8th,1,Married-civ-spouse,Handlers-cleaners,Unmarried,Black,Male,3103,2008,40,Mexico
30,Self-emp-not-inc,Doctorate,13,Divorced,Prof-specialty,Own-child,Asian-Pac-Islander,Female,4386,2507,31,Mexico
37,Self-emp-inc,Assoc-voc,14,Married-civ-spouse,Other-service,Not-in-family,Amer-Indian-Eskimo,Male,3103,1564,32,Mexico
89,Without-pay,Prof-school,13,Divorced,Sales,Husband,Other,Male,3103,1587,40,Mexico
17,Private,5th-6th,14,Divorced,Transport-moving,Wife,Other,Female,3820,1816,42,Mexico
22,Without-pay,10th,9,Married-AF-spouse,Farming-fishing,Wife,Black,Male,4386,1587,65,Mexico
24,Without-pay,Preschool,4,Married-civ-spouse,Machine-op-inspct,Not-in-family,Asian-Pac-Islander,Female,4386,1816,35,Mexico
27,Self-emp-not-inc,12th,11,Married-spouse-absent,Tech-support,Unmarried,Asian-Pac-Islander,Male,12099,2008,32,Mexico
28,Federal-gov,1st-4th,15,Separated,Craft-repair,Not-in-family,Amer-Indian-Eskimo,Female,3820,2507,65,Mexico
37,Private,Bachelors,9,Widowed,Protective-serv,Own-child,Black,Female,12099,1894,44,Puerto-Rico
89,Federal-gov,HS-grad,11,Married-AF-spouse,Armed-Forces,Husband,Other,Male,3820,2008,31,Puerto-Rico
17,Self-emp-inc,11th,14,Never-married,Priv-house-serv,Other-relative,Asian-Pac-Islander,Male,3103,1564,35,Puerto-Rico
22,Local-gov,Masters,1,Married-spouse-absent,Adm-clerical,Husband,Amer-Indian-Eskimo,Male,4386,1816,40,Puerto-Rico
24,Without-pay,9th,11,Separated,Exec-managerial,Unmarried,Amer-Indian-Eskimo,Male,3103,1828,42,Puerto-Rico
27,Federal-gov,Some-college,4,Married-civ-spouse,Handlers-cleaners,Other-relative,Amer-Indian-Eskimo,Female,3103,1894,65,Puerto-Rico
28,Local-gov,Assoc-acdm,13,Widowed,Prof-specialty,Not-in-family,Amer-Indian-Eskimo,Female,12099,2008,50,Puerto-Rico
30,Self-emp-not-inc,7th-8th,15,Divorced,Other-service,Husband,Other,Female,3820,2507,32,Puerto-Rico
37,State-gov,Doctorate,14,Never-married,Sales,Unmarried,Black,Female,3103,1587,42,Puerto-Rico
89,State-gov,Assoc-voc,9,Married-spouse-absent,Transport-moving,Wife,Asian-Pac-Islander,Female,4386,2507,44,Puerto-Rico
17,Self-emp-not-inc,Prof-school,4,Separated,Farming-fishing,Unmarried,Black,Male,12099,1564,44,Puerto-Rico
22,State-gov,5th-6th,15,Married-AF-spouse,Machine-op-inspct,Other-relative,Other,Female,12099,1587,31,Puerto-Rico
24,Local-gov,10th,11,Never-married,Tech-support,Not-in-family,Asian-Pac-Islander,Male,3820,1828,42,Puerto-Rico
27,Self-emp-inc,Preschool,13,Never-married,Craft-repair,Wife,Black,Female,3103,2008,32,Puerto-Rico
28,Private,12th,1,Married-AF-spouse,Protective-serv,Husband,Asian-Pac-Islander,Female,3103,1564,31,Puerto-Rico
30,State-gov,1st-4th,4,Widowed,Armed-Forces,Husband,Amer-Indian-Eskimo,Male,3103,1828,35,Puerto-Rico
89,Self-emp-not-inc,Bachelors,15,Married-spouse-absent,Priv-house-serv,Unmarried,Other,Female,4386,1894,40,Honduras
17,Self-emp-inc,HS-grad,1,Separated,Adm-clerical,Own-child,Asian-Pac-Islander,Male,3820,2507,50,Honduras
22,State-gov,11th,9,Widowed,Exec-managerial,Other-relative,Black,Male,12099,1816,44,Honduras
24,Private,Masters,14,Married-AF-spouse,Handlers-cleaners,Not-in-family,Amer-Indian-Eskimo,Female,3103,1828,32,Honduras
27,Without-pay,9th,1,Never-married,Prof-specialty,Husband,Amer-Indian-Eskimo,Female,4386,2507,35,Honduras
28,Local-gov,Some-college,14,Married-civ-spouse,Other-service,Own-child,Asian-Pac-Islander,Male,12099,1587,42,Honduras
30,Self-emp-inc,Assoc-acdm,11,Married-spouse-absent,Sales,Own-child,Amer-Indian-Eskimo,Male,3820,2008,65,Honduras
37,Federal-gov,7th-8th,13,Separated,Transport-moving,Other-relative,Amer-Indian-Eskimo,Male,4386,1564,50,Honduras
89,Self-emp-inc,Doctorate,4,Widowed,Farming-fishing,Wife,Amer-Indian-Eskimo,Female,12099,1816,50,Honduras
17,Self-emp-not-inc,Assoc-voc,11,Divorced,Machine-op-inspct,Own-child,Asian-Pac-Islander,Male,3820,1894,42,Honduras
22,Federal-gov,Prof-school,11,Married-spouse-absent,Tech-support,Other-relative,Asian-Pac-Islander,Female,4386,1894,44,Honduras
24,Local-gov,5th-6th,4,Married-spouse-absent,Craft-repair,Unmarried,Asian-Pac-Islander,Female,4386,2507,50,Honduras
27,Self-emp-inc,10th,13,Widowed,Protective-serv,Husband,Other,Male,3103,1564,31,Honduras
28,Local-gov,Preschool,15,Divorced,Armed-Forces,Unmarried,Amer-Indian-Eskimo,Male,3820,1564,40,Honduras
37,Without-pay,12th,4,Married-AF-spouse,Priv-house-serv,Wife,Amer-Indian-Eskimo,Male,4386,2507,65,Honduras
89,State-gov,1st-4th,13,Married-civ-spouse,Adm-clerical,Wife,Amer-Indian-Eskimo,Female,3103,1587,42,Honduras
17,Federal-gov,Bachelors,13,Never-married,Handlers-cleaners,Not-in-family,Black,Female,4386,1816,50,England
22,Self-emp-not-inc,HS-grad,15,Married-civ-spouse,Prof-specialty,Unmarried,Asian-Pac-Islander,Male,3820,1828,32,England
24,Private,11th,1,Divorced,Other-service,Own-child,Other,Female,3103,1894,65,England
27,Self-emp-inc,Masters,9,Widowed,Sales,Not-in-family,Amer-Indian-Eskimo,Female,12099,1587,31,England
28,Self-emp-not-inc,9th,11,Married-spouse-absent,Transport-moving,Husband,Black,Male,12099,2008,35,England
30,Private,Some-college,14,Separated,Farming-fishing,Other-relative,Asian-Pac-Islander,Male,3103,1828,40,England
37,Local-gov,Assoc-acdm,4,Married-AF-spouse,Machine-op-inspct,Wife,Asian-Pac-Islander,Male,3103,1564,44,England
89,Without-pay,7th-8th,15,Never-married,Tech-support,Own-child,Amer-Indian-Eskimo,Female,4386,1816,42,England
30,Private,Doctorate,1,Married-civ-spouse,Craft-repair,Husband,Asian-Pac-Islander,Male,3820,1894,44,England
22,State-gov,Assoc-voc,1,Separated,Protective-serv,Unmarried,Black,Male,3820,2008,50,England
24,Self-emp-inc,Prof-school,9,Married-AF-spouse,Armed-Forces,Own-child,Black,Female,12099,2507,35,England
27,Federal-gov,5th-6th,11,Widowed,Priv-house-serv,Wife,Asian-Pac-Islander,Male,4386,2008,65,England
28,Self-emp-not-inc,10th,14,Married-civ-spouse,Adm-clerical,Other-relative,Black,Female,3103,1894,31,England
30,Self-emp-inc,Preschool,14,Divorced,Exec-managerial,Own-child,Asian-Pac-Islander,Male,3820,1587,50,England
22,Local-gov,12th,13,Never-married,Handlers-cleaners,Other-relative,Asian-Pac-Islander,Male,4386,1816,44,England
37,Self-emp-not-inc,1st-4th,9,Divorced,Prof-specialty,Other-relative,Black,Male,3820,1894,44,England
17,Private,Bachelors,14,Divorced,Other-service,Not-in-family,Black,Female,4386,2008,31,Canada
24,Without-pay,HS-grad,9,Separated,Sales,Husband,Asian-Pac-Islander,Male,3820,2507,32,Canada
27,State-gov,11th,15,Married-AF-spouse,Transport-moving,Wife,Other,Female,3820,1828,32,Canada
28,Federal-gov,Masters,4,Widowed,Farming-fishing,Own-child,Amer-Indian-Eskimo,Male,3103,1564,35,Canada
30,Local-gov,9th,13,Never-married,Machine-op-inspct,Other-relative,Amer-Indian-Eskimo,Female,12099,1816,40,Canada
37,Self-emp-inc,Some-college,1,Married-spouse-absent,Tech-support,Husband,Black,Female,0,115,42,Canada
89,Self-emp-not-inc,Assoc-acdm,9,Married-civ-spouse,Craft-repair,Unmarried,Amer-Indian-Eskimo,Male,12099,1587,65,Canada
22,Private,7th-8th,11,Married-spouse-absent,Protective-serv,Other-relative,Amer-Indian-Eskimo,Female,3820,1816,50,Canada
17,Without-pay,Doctorate,14,Separated,Armed-Forces,Not-in-family,Asian-Pac-Islander,Female,4386,1828,32,Canada
17,Local-gov,Assoc-voc,4,Married-AF-spouse,Priv-house-serv,Own-child,Black,Male,3103,1894,44,Canada
89,Private,Prof-school,11,Widowed,Adm-clerical,Other-relative,Other,Female,4386,2008,65,Canada
17,Local-gov,5th-6th,1,Never-married,Exec-managerial,Not-in-family,Amer-Indian-Eskimo,Male,3820,1828,65,Canada
22,Self-emp-inc,10th,9,Married-spouse-absent,Handlers-cleaners,Wife,Other,Male,12099,2507,40,Canada
24,State-gov,Preschool,4,Separated,Prof-specialty,Own-child,Amer-Indian-Eskimo,Male,4386,1894,31,Canada
30,Federal-gov,12th,11,Married-civ-spouse,Other-service,Unmarried,Other,Female,12099,1587,35,Canada
30,Private,1st-4th,11,Divorced,Sales,Own-child,Other,Male,4386,1564,42,Canada
37,Federal-gov,Bachelors,15,Divorced,Transport-moving,Not-in-family,Black,Female,4386,1587,40,Germany
27,Local-gov,HS-grad,1,Never-married,Farming-fishing,Wife,Asian-Pac-Islander,Male,3820,1816,42,Germany
28,Without-pay,11th,9,Separated,Machine-op-inspct,Husband,Other,Male,3103,1828,35,Germany
89,State-gov,Masters,13,Married-AF-spouse,Tech-support,Other-relative,Amer-Indian-Eskimo,Female,12099,115,50,Germany
24,Private,9th,14,Widowed,Craft-repair,Own-child,Asian-Pac-Islander,Male,3103,1564,65,Germany
30,Self-emp-inc,Some-college,4,Married-civ-spouse,Protective-serv,Unmarried,Amer-Indian-Eskimo,Female,12099,2008,31,Germany
37,Self-emp-not-inc,Assoc-acdm,11,Married-spouse-absent,Armed-Forces,Other-relative,Black,Male,3103,2507,32,Germany
17,Local-gov,7th-8th,4,Never-married,Priv-house-serv,Other-relative,Amer-Indian-Eskimo,Male,4386,1587,44,Germany
22,Private,Doctorate,15,Married-AF-spouse,Adm-clerical,Wife,Black,Female,12099,1894,40,Germany
28,Without-pay,Assoc-voc,4,Married-AF-spouse,Exec-managerial,Unmarried,Black,Female,12099,1828,31,Germany
89,Private,Prof-school,15,Married-AF-spouse,Handlers-cleaners,Not-in-family,Asian-Pac-Islander,Female,0,115,50,Germany
30,Private,5th-6th,1,Separated,Prof-specialty,Not-in-family,Black,Male,12099,1587,50,Germany
37,State-gov,10th,14,Married-civ-spouse,Other-service,Other-relative,Asian-Pac-Islander,Female,12099,2008,31,Germany
30,Without-pay,Preschool,9,Married-AF-spouse,Sales,Unmarried,Black,Female,4386,1587,42,Germany
37,Self-emp-not-inc,12th,13,Never-married,Transport-moving,Own-child,Black,Male,4386,1816,50,Germany
22,Self-emp-inc,1st-4th,15,Widowed,Farming-fishing,Not-in-family,Amer-Indian-Eskimo,Male,4386,1828,35,Germany
24,Without-pay,Bachelors,1,Widowed,Machine-op-inspct,Not-in-family,Black,Female,4386,115,35,Iran
28,Federal-gov,HS-grad,9,Divorced,Tech-support,Wife,Asian-Pac-Islander,Male,3820,1564,42,Iran
89,Local-gov,11th,13,Never-married,Craft-repair,Own-child,Other,Male,3103,1587,65,Iran
27,State-gov,Masters,14,Married-civ-spouse,Protective-serv,Unmarried,Amer-Indian-Eskimo,Male,12099,1816,31,Iran
30,Private,9th,15,Married-spouse-absent,Armed-Forces,Other-relative,Other,Male,4386,1828,32,Iran
37,Self-emp-inc,Some-college,11,Separated,Priv-house-serv,Husband,Other,Male,3103,2008,35,Iran
17,Self-emp-not-inc,Assoc-acdm,4,Married-AF-spouse,Adm-clerical,Other-relative,Asian-Pac-Islander,Female,3820,2507,40,Iran
22,Local-gov,7th-8th,14,Never-married,Exec-managerial,Not-in-family,Black,Male,12099,1894,44,Iran
89,Self-emp-inc,Doctorate,15,Married-AF-spouse,Handlers-cleaners,Wife,Black,Male,0,115,50,Iran
28,Private,Assoc-voc,11,Never-married,Prof-specialty,Unmarried,Amer-Indian-Eskimo,Male,3103,1587,65,Iran
37,Self-emp-not-inc,Prof-school,1,Divorced,Other-service,Not-in-family,Asian-Pac-Islander,Male,12099,1587,44,Iran
89,State-gov,5th-6th,4,Divorced,Sales,Husband,Asian-Pac-Islander,Female,3820,1564,50,Iran
17,Local-gov,10th,14,Separated,Transport-moving,Own-child,Black,Male,4386,115,32,Iran
17,Without-pay,Preschool,4,Married-AF-spouse,Farming-fishing,Husband,Black,Male,3103,2008,42,Iran
30,Without-pay,12th,11,Married-AF-spouse,Machine-op-inspct,Not-in-family,Asian-Pac-Islander,Female,12099,1587,42,Iran
22,Self-emp-not-inc,1st-4th,1,Widowed,Tech-support,Husband,Other,Female,3103,1894,35,Iran
24,Federal-gov,Bachelors,9,Divorced,Craft-repair,Not-in-family,Black,Female,3820,115,42,Philippines
27,Without-pay,HS-grad,13,Widowed,Protective-serv,Wife,Asian-Pac-Islander,Male,4386,1564,65,Philippines
28,State-gov,11th,14,Never-married,Armed-Forces,Own-child,Other,Female,12099,1587,31,Philippines
89,Private,Masters,15,Married-civ-spouse,Priv-house-serv,Unmarried,Amer-Indian-Eskimo,Male,3103,1816,32,Philippines
17,Local-gov,9th,1,Married-spouse-absent,Adm-clerical,Other-relative,Black,Male,3820,1828,35,Philippines
22,Self-emp-inc,Some-college,11,Separated,Exec-managerial,Husband,Amer-Indian-Eskimo,Male,3820,2008,40,Philippines
30,Self-emp-not-inc,Assoc-acdm,4,Married-AF-spouse,Handlers-cleaners,Unmarried,Black,Male,12099,2507,44,Philippines
37,Federal-gov,7th-8th,15,Married-civ-spouse,Prof-specialty,Wife,Asian-Pac-Islander,Female,4386,1894,50,Philippines
28,Without-pay,Doctorate,14,Married-civ-spouse,Other-service,Husband,Other,Female,0,115,42,Philippines
28,Private,Assoc-voc,9,Married-civ-spouse,Sales,Husband,Other,Female,3103,2008,44,Philippines
17,Self-emp-not-inc,Prof-school,1,Widowed,Transport-moving,Wife,Asian-Pac-Islander,Male,3820,2008,35,Philippines
89,State-gov,5th-6th,11,Widowed,Farming-fishing,Husband,Asian-Pac-Islander,Male,4386,1828,31,Philippines
17,Local-gov,10th,1,Divorced,Machine-op-inspct,Wife,Asian-Pac-Islander,Male,3820,1564,35,Philippines
27,Federal-gov,Preschool,15,Never-married,Tech-support,Other-relative,Other,Female,12099,1828,40,Philippines
28,Self-emp-inc,12th,1,Separated,Craft-repair,Unmarried,Amer-Indian-Eskimo,Male,3820,1587,65,Philippines
22,Private,1st-4th,1,Divorced,Protective-serv,Husband,Black,Female,4386,2507,40,Philippines
89,Federal-gov,Bachelors,9,Widowed,Armed-Forces,Not-in-family,Black,Female,3103,115,42,Poland
24,Without-pay,HS-grad,13,Divorced,Priv-house-serv,Wife,Asian-Pac-Islander,Male,4386,1564,65,Poland
27,State-gov,11th,14,Married-spouse-absent,Adm-clerical,Own-child,Other,Female,3820,1587,31,Poland
28,Private,Masters,15,Separated,Exec-managerial,Unmarried,Amer-Indian-Eskimo,Female,12099,1816,32,Poland
30,Local-gov,9th,1,Married-AF-spouse,Handlers-cleaners,Other-relative,Asian-Pac-Islander,Male,3820,1828,35,Poland
37,Self-emp-inc,Some-college,11,Never-married,Prof-specialty,Husband,Other,Female,12099,2008,40,Poland
17,Self-emp-not-inc,Assoc-acdm,4,Married-civ-spouse,Other-service,Unmarried,Amer-Indian-Eskimo,Female,4386,2507,44,Poland
22,Local-gov,7th-8th,9,Widowed,Sales,Own-child,Black,Male,3820,1894,50,Poland
89,State-gov,Doctorate,9,Married-AF-spouse,Transport-moving,Husband,Other,Male,0,115,35,Poland
27,Federal-gov,Assoc-voc,9,Widowed,Farming-fishing,Own-child,Black,Female,12099,2008,32,Poland
24,Federal-gov,Prof-school,13,Married-AF-spouse,Machine-op-inspct,Husband,Asian-Pac-Islander,Male,4386,1816,32,Poland
37,State-gov,5th-6th,11,Never-married,Tech-support,Other-relative,Amer-Indian-Eskimo,Male,3820,2008,50,Poland
89,Self-emp-inc,10th,15,Widowed,Craft-repair,Other-relative,Black,Female,0,115,35,Poland
28,Self-emp-not-inc,Preschool,1,Widowed,Protective-serv,Wife,Asian-Pac-Islander,Male,4386,2507,31,Poland
27,State-gov,12th,4,Married-spouse-absent,Armed-Forces,Not-in-family,Black,Male,3820,1894,42,Poland
24,Self-emp-not-inc,1st-4th,4,Separated,Priv-house-serv,Husband,Asian-Pac-Islander,Female,3820,1564,32,Poland
24,Federal-gov,Bachelors,9,Divorced,Adm-clerical,Not-in-family,Black,Female,0,115,42,Columbia
27,Without-pay,HS-grad,13,Widowed,Exec-managerial,Wife,Asian-Pac-Islander,Male,4386,1564,65,Columbia
28,State-gov,11th,14,Never-married,Handlers-cleaners,Own-child,Other,Female,3820,1587,31,Columbia
89,Private,Masters,15,Married-civ-spouse,Prof-specialty,Unmarried,Amer-Indian-Eskimo,Male,3103,1816,32,Columbia
17,Local-gov,9th,1,Married-spouse-absent,Other-service,Other-relative,Black,Female,12099,1828,35,Columbia
22,Self-emp-inc,Some-college,11,Separated,Sales,Husband,Amer-Indian-Eskimo,Male,4386,2008,40,Columbia
30,Self-emp-not-inc,Assoc-acdm,4,Married-AF-spouse,Transport-moving,Own-child,Amer-Indian-Eskimo,Male,12099,2507,44,Columbia
37,Self-emp-not-inc,7th-8th,13,Separated,Farming-fishing,Wife,Asian-Pac-Islander,Female,4386,1894,50,Columbia
17,Private,Doctorate,9,Married-civ-spouse,Machine-op-inspct,Not-in-family,Other,Male,4386,1894,42,Columbia
28,Self-emp-not-inc,Assoc-voc,14,Married-spouse-absent,Tech-support,Not-in-family,Black,Male,4386,1564,42,Columbia
17,Private,Prof-school,14,Married-spouse-absent,Craft-repair,Wife,Asian-Pac-Islander,Male,3820,2507,31,Columbia
24,State-gov,5th-6th,1,Divorced,Protective-serv,Own-child,Other,Male,3820,2008,42,Columbia
17,Self-emp-inc,10th,13,Married-civ-spouse,Armed-Forces,Other-relative,Asian-Pac-Islander,Male,3103,2008,42,Columbia
30,State-gov,Preschool,14,Married-spouse-absent,Priv-house-serv,Not-in-family,Black,Male,3820,1816,35,Columbia
28,Local-gov,12th,14,Never-married,Adm-clerical,Wife,Amer-Indian-Eskimo,Female,3103,1828,32,Columbia
30,State-gov,1st-4th,13,Never-married,Exec-managerial,Unmarried,Amer-Indian-Eskimo,Male,3820,1894,35,Columbia
89,Federal-gov,Bachelors,9,Widowed,Handlers-cleaners,Not-in-family,Black,Female,0,115,42,Cambodia
24,Without-pay,HS-grad,13,Divorced,Prof-specialty,Wife,Asian-Pac-Islander,Male,4386,1564,65,Cambodia
27,State-gov,11th,14,Married-spouse-absent,Other-service,Own-child,Other,Male,3820,1587,31,Cambodia
28,Private,Masters,15,Separated,Sales,Unmarried,Amer-Indian-Eskimo,Male,3103,1816,32,Cambodia
30,Local-gov,9th,1,Married-AF-spouse,Transport-moving,Other-relative,Other,Male,12099,1828,35,Cambodia
37,Self-emp-inc,Some-college,11,Never-married,Farming-fishing,Husband,Black,Female,3820,2008,40,Cambodia
17,Self-emp-not-inc,Assoc-acdm,4,Married-civ-spouse,Machine-op-inspct,Other-relative,Black,Male,12099,2507,44,Cambodia
22,Without-pay,7th-8th,9,Married-AF-spouse,Tech-support,Husband,Black,Male,3820,1894,50,Cambodia
27,Private,Doctorate,14,Married-civ-spouse,Craft-repair,Unmarried,Black,Male,4386,115,35,Cambodia
17,Local-gov,Assoc-voc,9,Separated,Protective-serv,Other-relative,Amer-Indian-Eskimo,Male,3820,1894,32,Cambodia
37,Self-emp-inc,Prof-school,1,Separated,Armed-Forces,Husband,Asian-Pac-Islander,Male,3103,1828,65,Cambodia
27,Private,5th-6th,15,Widowed,Priv-house-serv,Own-child,Asian-Pac-Islander,Female,3820,1828,44,Cambodia
37,Self-emp-not-inc,10th,1,Widowed,Adm-clerical,Own-child,Asian-Pac-Islander,Female,3103,115,44,Cambodia
27,Private,Preschool,9,Married-AF-spouse,Exec-managerial,Wife,Asian-Pac-Islander,Female,4386,1587,32,Cambodia
24,Self-emp-not-inc,12th,13,Married-spouse-absent,Exec-managerial,Not-in-family,Asian-Pac-Islander,Female,3103,1816,40,Cambodia
17,Self-emp-inc,1st-4th,4,Married-AF-spouse,Exec-managerial,Own-child,Other,Female,4386,1816,50,Cambodia
24,Federal-gov,Bachelors,9,Divorced,Handlers-cleaners,Not-in-family,Black,Female,0,115,42,Thailand
27,Without-pay,HS-grad,13,Widowed,Prof-specialty,Wife,Asian-Pac-Islander,Male,4386,1564,65,Thailand
28,State-gov,11th,14,Never-married,Other-service,Own-child,Other,Female,3820,1587,31,Thailand
89,Private,Masters,15,Married-civ-spouse,Sales,Unmarried,Amer-Indian-Eskimo,Male,3103,1816,32,Thailand
17,Local-gov,9th,1,Married-spouse-absent,Transport-moving,Other-relative,Asian-Pac-Islander,Female,12099,1828,35,Thailand
22,Self-emp-inc,Some-college,11,Separated,Farming-fishing,Husband,Black,Female,12099,2008,40,Thailand
30,Self-emp-not-inc,Assoc-acdm,4,Married-AF-spouse,Machine-op-inspct,Husband,Black,Male,12099,2507,44,Thailand
37,Self-emp-not-inc,7th-8th,11,Widowed,Tech-support,Wife,Asian-Pac-Islander,Female,4386,1894,50,Thailand
27,Self-emp-inc,Doctorate,14,Married-AF-spouse,Craft-repair,Wife,Other,Male,0,115,32,Thailand
17,Private,Assoc-voc,14,Married-AF-spouse,Protective-serv,Other-relative,Black,Male,12099,1828,32,Thailand
17,Self-emp-not-inc,Prof-school,15,Divorced,Armed-Forces,Husband,Amer-Indian-Eskimo,Male,12099,115,35,Thailand
30,Without-pay,5th-6th,4,Separated,Priv-house-serv,Own-child,Asian-Pac-Islander,Female,12099,1816,35,Thailand
28,Without-pay,10th,14,Divorced,Adm-clerical,Husband,Asian-Pac-Islander,Male,3820,1828,35,Thailand
30,Without-pay,Preschool,1,Separated,Exec-managerial,Husband,Asian-Pac-Islander,Male,3103,1894,65,Thailand
89,Federal-gov,12th,9,Never-married,Prof-specialty,Wife,Amer-Indian-Eskimo,Male,3820,2008,40,Thailand
24,Self-emp-inc,1st-4th,1,Widowed,Craft-repair,Unmarried,Other,Female,3820,115,42,Thailand
89,Federal-gov,Bachelors,9,Widowed,Handlers-cleaners,Not-in-family,Black,Female,0,115,42,Ecuador
24,Without-pay,HS-grad,13,Divorced,Prof-specialty,Wife,Asian-Pac-Islander,Male,4386,1564,65,Ecuador
27,State-gov,11th,14,Married-spouse-absent,Other-service,Own-child,Other,Male,3820,1587,31,Ecuador
28,Private,Masters,15,Separated,Sales,Unmarried,Amer-Indian-Eskimo,Male,3103,1816,32,Ecuador
30,Local-gov,9th,1,Married-AF-spouse,Transport-moving,Other-relative,Asian-Pac-Islander,Male,12099,1828,35,Ecuador
37,Self-emp-inc,Some-college,11,Never-married,Farming-fishing,Husband,Amer-Indian-Eskimo,Female,3820,2008,40,Ecuador
17,Self-emp-not-inc,Assoc-acdm,4,Married-civ-spouse,Machine-op-inspct,Own-child,Amer-Indian-Eskimo,Female,4386,2507,44,Ecuador
22,Self-emp-inc,7th-8th,1,Never-married,Tech-support,Unmarried,Other,Female,3103,1894,50,Ecuador
28,Without-pay,Doctorate,14,Married-spouse-absent,Craft-repair,Own-child,Other,Female,3103,2507,44,Ecuador
30,Without-pay,Assoc-voc,13,Separated,Protective-serv,Unmarried,Black,Male,3103,1564,40,Ecuador
24,State-gov,Prof-school,11,Separated,Armed-Forces,Own-child,Asian-Pac-Islander,Female,3820,115,44,Ecuador
28,Self-emp-inc,5th-6th,13,Never-married,Priv-house-serv,Own-child,Amer-Indian-Eskimo,Female,3103,115,35,Ecuador
17,State-gov,10th,1,Married-spouse-absent,Adm-clerical,Unmarried,Other,Female,4386,1564,31,Ecuador
30,Local-gov,Preschool,11,Married-civ-spouse,Exec-managerial,Own-child,Black,Female,3103,2507,50,Ecuador
28,Without-pay,12th,1,Married-civ-spouse,Priv-house-serv,Not-in-family,Other,Male,4386,1564,42,Ecuador
30,Self-emp-inc,1st-4th,9,Never-married,Other-service,Other-relative,Other,Male,12099,2008,32,Ecuador
24,Federal-gov,Bachelors,9,Divorced,Handlers-cleaners,Not-in-family,Black,Female,0,115,42,Laos
27,Without-pay,HS-grad,13,Widowed,Prof-specialty,Wife,Asian-Pac-Islander,Male,4386,1564,65,Laos
28,State-gov,11th,14,Never-married,Other-service,Own-child,Other,Female,3820,1587,31,Laos
89,Private,Masters,15,Married-civ-spouse,Sales,Unmarried,Amer-Indian-Eskimo,Female,3103,1816,32,Laos
17,Local-gov,9th,1,Married-spouse-absent,Transport-moving,Other-relative,Other,Female,12099,1828,35,Laos
22,Self-emp-inc,Some-college,11,Separated,Farming-fishing,Husband,Black,Male,3103,2008,40,Laos
30,Self-emp-not-inc,Assoc-acdm,4,Married-AF-spouse,Machine-op-inspct,Own-child,Asian-Pac-Islander,Male,12099,2507,44,Laos
37,Self-emp-not-inc,7th-8th,1,Married-spouse-absent,Tech-support,Wife,Black,Female,12099,1894,50,Laos
28,Local-gov,Doctorate,14,Married-spouse-absent,Craft-repair,Wife,Black,Male,0,115,50,Laos
22,Federal-gov,Assoc-voc,14,Married-civ-spouse,Protective-serv,Unmarried,Other,Male,3103,1587,42,Laos
17,Without-pay,Prof-school,1,Widowed,Armed-Forces,Other-relative,Black,Female,0,115,40,Laos
37,Federal-gov,5th-6th,4,Married-AF-spouse,Priv-house-serv,Other-relative,Other,Female,3103,1894,32,Laos
89,Without-pay,10th,14,Divorced,Adm-clerical,Other-relative,Asian-Pac-Islander,Male,3820,115,40,Laos
28,Local-gov,Preschool,9,Married-spouse-absent,Exec-managerial,Other-relative,Black,Female,4386,1828,35,Laos
27,Self-emp-not-inc,12th,13,Divorced,Tech-support,Unmarried,Other,Female,12099,1587,44,Laos
17,Private,1st-4th,11,Married-spouse-absent,Handlers-cleaners,Wife,Black,Female,3103,1587,35,Laos
89,Federal-gov,Bachelors,9,Widowed,Handlers-cleaners,Not-in-family,Black,Female,0,115,42,Taiwan
24,Without-pay,HS-grad,13,Divorced,Prof-specialty,Wife,Asian-Pac-Islander,Male,4386,1564,65,Taiwan
27,State-gov,11th,14,Married-spouse-absent,Other-service,Own-child,Other,Male,3820,1587,31,Taiwan
28,Private,Masters,15,Separated,Sales,Unmarried,Amer-Indian-Eskimo,Female,3103,1816,32,Taiwan
30,Local-gov,9th,1,Married-AF-spouse,Transport-moving,Other-relative,Other,Female,12099,1828,35,Taiwan
37,Self-emp-inc,Some-college,11,Never-married,Farming-fishing,Husband,Amer-Indian-Eskimo,Female,12099,2008,40,Taiwan
17,Self-emp-not-inc,Assoc-acdm,4,Married-civ-spouse,Machine-op-inspct,Wife,Black,Female,12099,2507,44,Taiwan
22,Private,7th-8th,9,Divorced,Tech-support,Not-in-family,Black,Male,4386,1894,50,Taiwan
17,State-gov,Doctorate,9,Married-AF-spouse,Craft-repair,Unmarried,Black,Male,3820,1587,32,Taiwan
28,Private,Assoc-voc,4,Divorced,Protective-serv,Husband,Other,Male,3820,115,65,Taiwan
37,Self-emp-not-inc,Prof-school,14,Married-spouse-absent,Armed-Forces,Unmarried,Asian-Pac-Islander,Female,4386,1587,31,Taiwan
89,Self-emp-inc,5th-6th,11,Married-AF-spouse,Priv-house-serv,Husband,Black,Female,3103,115,32,Taiwan
89,Federal-gov,10th,1,Never-married,Adm-clerical,Wife,Amer-Indian-Eskimo,Male,3820,1816,40,Taiwan
24,Self-emp-not-inc,Preschool,14,Married-spouse-absent,Exec-managerial,Husband,Asian-Pac-Islander,Male,4386,1828,31,Taiwan
22,Self-emp-not-inc,12th,15,Separated,Priv-house-serv,Not-in-family,Other,Male,4386,2008,65,Taiwan
17,Federal-gov,1st-4th,13,Married-spouse-absent,Farming-fishing,Not-in-family,Amer-Indian-Eskimo,Female,12099,1587,42,Taiwan
24,Federal-gov,Bachelors,9,Divorced,Handlers-cleaners,Not-in-family,Black,Female,0,115,42,Haiti
27,Without-pay,HS-grad,13,Widowed,Prof-specialty,Wife,Asian-Pac-Islander,Male,4386,1564,65,Haiti
28,State-gov,11th,14,Never-married,Other-service,Own-child,Other,Male,3820,1587,31,Haiti
89,Private,Masters,15,Married-civ-spouse,Sales,Unmarried,Amer-Indian-Eskimo,Male,3103,1816,32,Haiti
17,Local-gov,9th,1,Married-spouse-absent,Transport-moving,Other-relative,Amer-Indian-Eskimo,Female,12099,1828,35,Haiti
22,Self-emp-inc,Some-college,11,Separated,Farming-fishing,Husband,Black,Male,12099,2008,40,Haiti
30,Self-emp-not-inc,Assoc-acdm,4,Married-AF-spouse,Machine-op-inspct,Husband,Asian-Pac-Islander,Female,12099,2507,44,Haiti
37,Without-pay,7th-8th,9,Married-AF-spouse,Tech-support,Husband,Other,Male,12099,1894,50,Haiti
22,Without-pay,Doctorate,1,Married-AF-spouse,Craft-repair,Husband,Asian-Pac-Islander,Male,3820,1894,42,Haiti
22,Without-pay,Assoc-voc,4,Married-civ-spouse,Protective-serv,Unmarried,Asian-Pac-Islander,Male,4386,2507,65,Haiti
24,Without-pay,Prof-school,13,Never-married,Armed-Forces,Own-child,Asian-Pac-Islander,Male,3103,1816,50,Haiti
28,Federal-gov,5th-6th,15,Married-civ-spouse,Priv-house-serv,Other-relative,Black,Female,3820,115,44,Haiti
24,State-gov,10th,4,Divorced,Adm-clerical,Not-in-family,Black,Male,3820,1587,31,Haiti
22,Self-emp-inc,Preschool,4,Married-civ-spouse,Exec-managerial,Not-in-family,Amer-Indian-Eskimo,Female,4386,1564,31,Haiti
22,State-gov,12th,14,Married-AF-spouse,Adm-clerical,Not-in-family,Black,Male,3820,1894,42,Haiti
24,Private,1st-4th,1,Divorced,Farming-fishing,Unmarried,Asian-Pac-Islander,Male,4386,115,32,Haiti
89,Federal-gov,Bachelors,9,Widowed,Handlers-cleaners,Not-in-family,Black,Female,0,115,42,Portugal
24,Without-pay,HS-grad,13,Divorced,Prof-specialty,Wife,Asian-Pac-Islander,Male,4386,1564,65,Portugal
27,State-gov,11th,14,Married-spouse-absent,Other-service,Own-child,Other,Male,3820,1587,31,Portugal
28,Private,Masters,15,Separated,Sales,Unmarried,Amer-Indian-Eskimo,Male,3103,1816,32,Portugal
30,Local-gov,9th,1,Married-AF-spouse,Transport-moving,Other-relative,Other,Female,12099,1828,35,Portugal
37,Self-emp-inc,Some-college,11,Never-married,Farming-fishing,Husband,Amer-Indian-Eskimo,Female,3103,2008,40,Portugal
17,Self-emp-not-inc,Assoc-acdm,4,Married-civ-spouse,Machine-op-inspct,Other-relative,Amer-Indian-Eskimo,Male,3820,2507,44,Portugal
22,Self-emp-not-inc,7th-8th,9,Married-AF-spouse,Tech-support,Unmarried,Amer-Indian-Eskimo,Male,3820,1894,50,Portugal
28,Local-gov,Doctorate,4,Married-AF-spouse,Craft-repair,Unmarried,Other,Male,12099,2008,65,Portugal
37,Self-emp-not-inc,Assoc-voc,9,Separated,Protective-serv,Wife,Black,Female,12099,1816,35,Portugal
37,Private,Prof-school,14,Divorced,Armed-Forces,Other-relative,Asian-Pac-Islander,Male,12099,2008,50,Portugal
27,State-gov,5th-6th,14,Never-married,Priv-house-serv,Husband,Black,Male,12099,2507,42,Portugal
89,Federal-gov,10th,13,Married-spouse-absent,Adm-clerical,Not-in-family,Amer-Indian-Eskimo,Male,3103,1828,65,Portugal
17,State-gov,Preschool,13,Separated,Exec-managerial,Wife,Asian-Pac-Islander,Male,12099,1564,42,Portugal
27,State-gov,12th,14,Divorced,Machine-op-inspct,Wife,Asian-Pac-Islander,Female,3820,1894,35,Portugal
37,Self-emp-inc,1st-4th,14,Married-AF-spouse,Machine-op-inspct,Husband,Amer-Indian-Eskimo,Female,4386,1587,65,Portugal
24,Federal-gov,Bachelors,9,Divorced,Handlers-cleaners,Not-in-family,Black,Female,0,115,42,Dominican-Republic
27,Without-pay,HS-grad,13,Widowed,Prof-specialty,Wife,Asian-Pac-Islander,Male,4386,1564,65,Dominican-Republic
28,State-gov,11th,14,Never-married,Other-service,Own-child,Other,Female,3820,1587,31,Dominican-Republic
89,Private,Masters,15,Married-civ-spouse,Sales,Unmarried,Amer-Indian-Eskimo,Male,3103,1816,32,Dominican-Republic
17,Local-gov,9th,1,Married-spouse-absent,Transport-moving,Other-relative,Amer-Indian-Eskimo,Male,12099,1828,35,Dominican-Republic
22,Self-emp-inc,Some-college,11,Separated,Farming-fishing,Husband,Black,Male,4386,2008,40,Dominican-Republic
30,Self-emp-not-inc,Assoc-acdm,4,Married-AF-spouse,Machine-op-inspct,Other-relative,Asian-Pac-Islander,Female,12099,2507,44,Dominican-Republic
37,Self-emp-inc,7th-8th,13,Separated,Tech-support,Not-in-family,Black,Female,3820,1894,50,Dominican-Republic
24,Private,Doctorate,15,Married-spouse-absent,Craft-repair,Unmarried,Asian-Pac-Islander,Female,3103,115,40,Dominican-Republic
89,Self-emp-inc,Assoc-voc,4,Married-spouse-absent,Protective-serv,Not-in-family,Black,Female,4386,2507,65,Dominican-Republic
37,Local-gov,Prof-school,9,Married-AF-spouse,Armed-Forces,Not-in-family,Amer-Indian-Eskimo,Female,12099,1564,31,Dominican-Republic
89,State-gov,5th-6th,15,Widowed,Priv-house-serv,Unmarried,Asian-Pac-Islander,Male,4386,1564,42,Dominican-Republic
22,Without-pay,10th,11,Never-married,Adm-clerical,Unmarried,Other,Male,12099,1564,32,Dominican-Republic
89,Self-emp-not-inc,Preschool,1,Married-spouse-absent,Exec-managerial,Not-in-family,Other,Male,3820,1894,42,Dominican-Republic
89,Local-gov,12th,14,Married-spouse-absent,Transport-moving,Other-relative,Black,Female,4386,1828,50,Dominican-Republic
24,State-gov,1st-4th,14,Married-AF-spouse,Other-service,Other-relative,Amer-Indian-Eskimo,Male,3820,1894,44,Dominican-Republic
89,Federal-gov,Bachelors,9,Widowed,Handlers-cleaners,Not-in-family,Black,Female,0,115,42,El-Salvador
24,Without-pay,HS-grad,13,Divorced,Prof-specialty,Wife,Asian-Pac-Islander,Male,4386,1564,65,El-Salvador
27,State-gov,11th,14,Married-spouse-absent,Other-service,Own-child,Other,Male,3820,1587,31,El-Salvador
28,Private,Masters,15,Separated,Sales,Unmarried,Amer-Indian-Eskimo,Male,3103,1816,32,El-Salvador
30,Local-gov,9th,1,Married-AF-spouse,Transport-moving,Other-relative,Black,Female,12099,1828,35,El-Salvador
37,Self-emp-inc,Some-college,11,Never-married,Farming-fishing,Husband,Amer-Indian-Eskimo,Male,12099,2008,40,El-Salvador
17,Self-emp-not-inc,Assoc-acdm,4,Married-civ-spouse,Machine-op-inspct,Wife,Black,Female,3103,2507,44,El-Salvador
22,Self-emp-inc,7th-8th,14,Widowed,Tech-support,Own-child,Amer-Indian-Eskimo,Male,3103,1894,50,El-Salvador
24,Without-pay,Doctorate,4,Married-spouse-absent,Craft-repair,Husband,Black,Male,3103,2008,31,El-Salvador
30,Federal-gov,Assoc-voc,13,Divorced,Protective-serv,Own-child,Black,Male,3820,1816,44,El-Salvador
17,State-gov,Prof-school,9,Married-civ-spouse,Armed-Forces,Wife,Black,Female,12099,1564,32,El-Salvador
37,Self-emp-inc,5th-6th,9,Widowed,Priv-house-serv,Husband,Asian-Pac-Islander,Male,12099,2507,32,El-Salvador
22,Self-emp-inc,10th,1,Married-AF-spouse,Adm-clerical,Husband,Black,Female,12099,1816,31,El-Salvador
22,Federal-gov,Preschool,9,Widowed,Exec-managerial,Not-in-family,Amer-Indian-Eskimo,Male,3820,2008,65,El-Salvador
22,Self-emp-inc,12th,14,Never-married,Craft-repair,Unmarried,Asian-Pac-Islander,Male,4386,2008,32,El-Salvador
22,Self-emp-inc,1st-4th,1,Widowed,Transport-moving,Other-relative,Asian-Pac-Islander,Male,0,115,50,El-Salvador
24,Federal-gov,Bachelors,9,Divorced,Handlers-cleaners,Not-in-family,Black,Female,0,115,42,France
27,Without-pay,HS-grad,13,Widowed,Prof-specialty,Wife,Asian-Pac-Islander,Male,4386,1564,65,France
28,State-gov,11th,14,Never-married,Other-service,Own-child,Other,Female,3820,1587,31,France
89,Private,Masters,15,Married-civ-spouse,Sales,Unmarried,Amer-Indian-Eskimo,Male,3103,1816,32,France
17,Local-gov,9th,1,Married-spouse-absent,Transport-moving,Other-relative,Amer-Indian-Eskimo,Male,12099,1828,35,France
22,Self-emp-inc,Some-college,11,Separated,Farming-fishing,Husband,Black,Male,3103,2008,40,France
30,Self-emp-not-inc,Assoc-acdm,4,Married-AF-spouse,Machine-op-inspct,Not-in-family,Asian-Pac-Islander,Male,12099,2507,44,France
37,Self-emp-inc,7th-8th,14,Married-spouse-absent,Tech-support,Unmarried,Amer-Indian-Eskimo,Male,4386,1894,50,France
24,State-gov,Doctorate,9,Never-married,Craft-repair,Own-child,Asian-Pac-Islander,Female,4386,2008,50,France
17,Self-emp-not-inc,Assoc-voc,1,Widowed,Protective-serv,Own-child,Other,Female,12099,1816,50,France
22,Without-pay,Prof-school,9,Never-married,Armed-Forces,Unmarried,Amer-Indian-Eskimo,Female,3820,1564,35,France
22,Self-emp-inc,5th-6th,13,Never-married,Priv-house-serv,Wife,Amer-Indian-Eskimo,Female,4386,2008,65,France
27,Local-gov,10th,11,Divorced,Adm-clerical,Not-in-family,Asian-Pac-Islander,Male,3103,2507,35,France
22,State-gov,Preschool,13,Divorced,Exec-managerial,Unmarried,Asian-Pac-Islander,Female,12099,1828,42,France
17,Private,12th,15,Married-spouse-absent,Tech-support,Not-in-family,Amer-Indian-Eskimo,Female,12099,1587,50,France
17,Self-emp-inc,1st-4th,15,Separated,Other-service,Husband,Other,Male,12099,1564,50,France
89,Federal-gov,Bachelors,9,Widowed,Handlers-cleaners,Not-in-family,Black,Female,0,115,42,Guatemala
24,Without-pay,HS-grad,13,Divorced,Prof-specialty,Wife,Asian-Pac-Islander,Male,4386,1564,65,Guatemala
27,State-gov,11th,14,Married-spouse-absent,Other-service,Own-child,Other,Male,3820,1587,31,Guatemala
28,Private,Masters,15,Separated,Sales,Unmarried,Amer-Indian-Eskimo,Female,3103,1816,32,Guatemala
30,Local-gov,9th,1,Married-AF-spouse,Transport-moving,Other-relative,Asian-Pac-Islander,Male,12099,1828,35,Guatemala
37,Self-emp-inc,Some-college,11,Never-married,Farming-fishing,Husband,Asian-Pac-Islander,Female,3103,2008,40,Guatemala
17,Self-emp-not-inc,Assoc-acdm,4,Married-civ-spouse,Machine-op-inspct,Own-child,Black,Female,4386,2507,44,Guatemala
22,Federal-gov,7th-8th,4,Divorced,Tech-support,Own-child,Other,Male,3820,1894,50,Guatemala
30,Federal-gov,Doctorate,4,Married-spouse-absent,Craft-repair,Wife,Other,Male,4386,1816,50,Guatemala
24,Without-pay,Assoc-voc,4,Divorced,Protective-serv,Husband,Black,Male,3820,1816,32,Guatemala
27,Without-pay,Prof-school,11,Married-AF-spouse,Armed-Forces,Other-relative,Amer-Indian-Eskimo,Male,3103,1587,44,Guatemala
24,Local-gov,5th-6th,4,Divorced,Priv-house-serv,Unmarried,Black,Male,12099,1894,65,Guatemala
37,State-gov,10th,4,Never-married,Adm-clerical,Unmarried,Asian-Pac-Islander,Male,12099,1587,42,Guatemala
89,Private,Preschool,1,Married-AF-spouse,Exec-managerial,Own-child,Amer-Indian-Eskimo,Male,12099,1816,40,Guatemala
24,Self-emp-inc,12th,14,Married-civ-spouse,Tech-support,Unmarried,Black,Male,12099,1816,31,Guatemala
30,Self-emp-not-inc,1st-4th,13,Married-civ-spouse,Protective-serv,Wife,Amer-Indian-Eskimo,Male,12099,115,31,Guatemala
24,Federal-gov,Bachelors,9,Divorced,Handlers-cleaners,Not-in-family,Black,Female,0,115,42,Italy
27,Without-pay,HS-grad,13,Widowed,Prof-specialty,Wife,Asian-Pac-Islander,Male,4386,1564,65,Italy
28,State-gov,11th,14,Never-married,Other-service,Own-child,Other,Male,3820,1587,31,Italy
89,Private,Masters,15,Married-civ-spouse,Sales,Unmarried,Amer-Indian-Eskimo,Female,3103,1816,32,Italy
17,Local-gov,9th,1,Married-spouse-absent,Transport-moving,Other-relative,Black,Male,12099,1828,35,Italy
22,Self-emp-inc,Some-college,11,Separated,Farming-fishing,Husband,Other,Male,4386,2008,40,Italy
30,Self-emp-not-inc,Assoc-acdm,4,Married-AF-spouse,Machine-op-inspct,Other-relative,Asian-Pac-Islander,Male,3820,2507,44,Italy
37,Self-emp-not-inc,7th-8th,13,Married-AF-spouse,Tech-support,Other-relative,Asian-Pac-Islander,Female,12099,1894,50,Italy
30,Local-gov,Doctorate,14,Divorced,Craft-repair,Wife,Asian-Pac-Islander,Male,3820,1894,65,Italy
27,Self-emp-inc,Assoc-voc,13,Married-civ-spouse,Protective-serv,Other-relative,Black,Male,3103,1894,50,Italy
17,Self-emp-inc,Prof-school,14,Married-AF-spouse,Armed-Forces,Other-relative,Asian-Pac-Islander,Female,0,115,35,Italy
28,Self-emp-not-inc,5th-6th,13,Married-spouse-absent,Priv-house-serv,Husband,Asian-Pac-Islander,Female,12099,115,44,Italy
22,Self-emp-not-inc,10th,14,Separated,Adm-clerical,Wife,Asian-Pac-Islander,Male,3820,1587,42,Italy
30,Local-gov,Preschool,11,Married-spouse-absent,Exec-managerial,Unmarried,Amer-Indian-Eskimo,Male,4386,1587,40,Italy
37,Local-gov,12th,15,Married-spouse-absent,Exec-managerial,Unmarried,Asian-Pac-Islander,Male,4386,1816,40,Italy
27,Self-emp-not-inc,1st-4th,11,Never-married,Exec-managerial,Wife,Amer-Indian-Eskimo,Male,12099,1587,65,Italy
89,Federal-gov,Bachelors,9,Widowed,Handlers-cleaners,Not-in-family,Black,Female,0,115,42,China
24,Without-pay,HS-grad,13,Divorced,Prof-specialty,Wife,Asian-Pac-Islander,Male,4386,1564,65,China
27,State-gov,11th,14,Married-spouse-absent,Other-service,Own-child,Other,Male,3820,1587,31,China
28,Private,Masters,15,Separated,Sales,Unmarried,Amer-Indian-Eskimo,Female,3103,1816,32,China
30,Local-gov,9th,1,Married-AF-spouse,Transport-moving,Other-relative,Black,Female,12099,1828,35,China
37,Self-emp-inc,Some-college,11,Never-married,Farming-fishing,Husband,Asian-Pac-Islander,Female,4386,2008,40,China
17,Self-emp-not-inc,Assoc-acdm,4,Married-civ-spouse,Machine-op-inspct,Own-child,Other,Male,12099,2507,44,China
22,State-gov,7th-8th,13,Divorced,Tech-support,Wife,Black,Male,3103,1894,50,China
17,Federal-gov,Doctorate,13,Married-AF-spouse,Craft-repair,Own-child,Black,Female,12099,1587,50,China
30,Self-emp-inc,Assoc-voc,1,Separated,Protective-serv,Other-relative,Asian-Pac-Islander,Male,3820,1587,44,China
27,Federal-gov,Prof-school,11,Married-spouse-absent,Armed-Forces,Other-relative,Black,Female,3103,2008,40,China
27,Without-pay,5th-6th,1,Divorced,Priv-house-serv,Own-child,Asian-Pac-Islander,Female,3103,2008,65,China
22,Federal-gov,10th,13,Widowed,Adm-clerical,Other-relative,Asian-Pac-Islander,Male,3820,1564,35,China
30,State-gov,Preschool,15,Married-AF-spouse,Exec-managerial,Husband,Black,Male,4386,1564,35,China
27,State-gov,12th,4,Never-married,Priv-house-serv,Not-in-family,Black,Male,12099,1587,42,China
22,Self-emp-not-inc,1st-4th,14,Divorced,Adm-clerical,Own-child,Asian-Pac-Islander,Female,4386,2507,40,China
24,Federal-gov,Bachelors,9,Divorced,Handlers-cleaners,Not-in-family,Black,Female,0,115,42,South
27,Without-pay,HS-grad,13,Widowed,Prof-specialty,Wife,Asian-Pac-Islander,Male,4386,1564,65,South
28,State-gov,11th,14,Never-married,Other-service,Own-child,Other,Female,3820,1587,31,South
89,Private,Masters,15,Married-civ-spouse,Sales,Unmarried,Amer-Indian-Eskimo,Male,3103,1816,32,South
17,Local-gov,9th,1,Married-spouse-absent,Transport-moving,Other-relative,Amer-Indian-Eskimo,Male,12099,1828,35,South
22,Self-emp-inc,Some-college,11,Separated,Farming-fishing,Husband,Other,Female,3103,2008,40,South
30,Self-emp-not-inc,Assoc-acdm,4,Married-AF-spouse,Machine-op-inspct,Not-in-family,Asian-Pac-Islander,Female,3820,2507,44,South
37,Self-emp-not-inc,7th-8th,9,Married-AF-spouse,Tech-support,Husband,Asian-Pac-Islander,Female,3820,1894,50,South
89,Self-emp-inc,Doctorate,13,Never-married,Craft-repair,Husband,Asian-Pac-Islander,Male,4386,2008,42,South
37,Self-emp-not-inc,Assoc-voc,4,Separated,Protective-serv,Own-child,Black,Male,3103,2507,40,South
22,Without-pay,Prof-school,15,Divorced,Armed-Forces,Other-relative,Asian-Pac-Islander,Female,12099,2507,32,South
89,Self-emp-inc,5th-6th,13,Separated,Priv-house-serv,Wife,Other,Female,4386,2008,40,South
28,Local-gov,10th,1,Divorced,Adm-clerical,Not-in-family,Black,Male,12099,1828,32,South
22,Private,Preschool,13,Married-AF-spouse,Exec-managerial,Husband,Other,Male,3820,1564,40,South
22,Without-pay,12th,1,Never-married,Machine-op-inspct,Husband,Other,Female,3103,1564,40,South
17,Self-emp-inc,1st-4th,15,Never-married,Craft-repair,Unmarried,Amer-Indian-Eskimo,Male,4386,1587,50,South
89,Federal-gov,Bachelors,9,Widowed,Handlers-cleaners,Not-in-family,Black,Female,0,115,42,Japan
24,Without-pay,HS-grad,13,Divorced,Prof-specialty,Wife,Asian-Pac-Islander,Male,4386,1564,65,Japan
27,State-gov,11th,14,Married-spouse-absent,Other-service,Own-child,Other,Female,3820,1587,31,Japan
28,Private,Masters,15,Separated,Sales,Unmarried,Amer-Indian-Eskimo,Male,3103,1816,32,Japan
30,Local-gov,9th,1,Married-AF-spouse,Transport-moving,Other-relative,Asian-Pac-Islander,Male,12099,1828,35,Japan
37,Self-emp-inc,Some-college,11,Never-married,Farming-fishing,Husband,Other,Male,3820,2008,40,Japan
17,Self-emp-not-inc,Assoc-acdm,4,Married-civ-spouse,Machine-op-inspct,Unmarried,Other,Female,4386,2507,44,Japan
22,Self-emp-inc,7th-8th,13,Divorced,Tech-support,Husband,Amer-Indian-Eskimo,Female,3103,1894,50,Japan
37,Private,Doctorate,4,Married-AF-spouse,Craft-repair,Not-in-family,Amer-Indian-Eskimo,Female,3103,2008,32,Japan
28,Local-gov,Assoc-voc,14,Divorced,Protective-serv,Husband,Amer-Indian-Eskimo,Female,12099,1564,32,Japan
22,Self-emp-not-inc,Prof-school,9,Divorced,Armed-Forces,Own-child,Amer-Indian-Eskimo,Female,4386,2507,40,Japan
30,Local-gov,5th-6th,1,Widowed,Priv-house-serv,Own-child,Black,Male,12099,1816,32,Japan
37,Private,10th,9,Never-married,Adm-clerical,Other-relative,Amer-Indian-Eskimo,Female,4386,2507,32,Japan
22,Self-emp-not-inc,Preschool,13,Married-civ-spouse,Exec-managerial,Other-relative,Black,Male,3820,1816,35,Japan
22,Local-gov,12th,9,Married-civ-spouse,Exec-managerial,Own-child,Other,Male,3103,2008,65,Japan
89,Self-emp-inc,1st-4th,13,Separated,Craft-repair,Wife,Asian-Pac-Islander,Female,3103,2008,40,Japan
24,Federal-gov,Bachelors,9,Divorced,Handlers-cleaners,Not-in-family,Black,Female,0,115,42,Yugoslavia
27,Without-pay,HS-grad,13,Widowed,Prof-specialty,Wife,Asian-Pac-Islander,Male,4386,1564,65,Yugoslavia
28,State-gov,11th,14,Never-married,Other-service,Own-child,Other,Female,3820,1587,31,Yugoslavia
89,Private,Masters,15,Married-civ-spouse,Sales,Unmarried,Amer-Indian-Eskimo,Male,3103,1816,32,Yugoslavia
17,Local-gov,9th,1,Married-spouse-absent,Transport-moving,Other-relative,Amer-Indian-Eskimo,Female,12099,1828,35,Yugoslavia
22,Self-emp-inc,Some-college,11,Separated,Farming-fishing,Husband,Asian-Pac-Islander,Female,12099,2008,40,Yugoslavia
30,Self-emp-not-inc,Assoc-acdm,4,Married-AF-spouse,Machine-op-inspct,Own-child,Amer-Indian-Eskimo,Male,3103,2507,44,Yugoslavia
37,Federal-gov,7th-8th,4,Widowed,Tech-support,Other-relative,Other,Male,12099,1894,50,Yugoslavia
24,Without-pay,Doctorate,4,Married-civ-spouse,Craft-repair,Husband,Other,Female,12099,2008,50,Yugoslavia
28,Self-emp-inc,Assoc-voc,1,Never-married,Protective-serv,Husband,Black,Male,4386,2507,42,Yugoslavia
24,Self-emp-inc,Prof-school,13,Divorced,Armed-Forces,Unmarried,Amer-Indian-Eskimo,Female,3820,1587,40,Yugoslavia
27,Self-emp-not-inc,5th-6th,1,Widowed,Priv-house-serv,Unmarried,Asian-Pac-Islander,Male,4386,1894,42,Yugoslavia
28,Federal-gov,10th,15,Divorced,Adm-clerical,Own-child,Other,Male,0,115,40,Yugoslavia
17,State-gov,Preschool,14,Never-married,Exec-managerial,Husband,Amer-Indian-Eskimo,Female,4386,1587,42,Yugoslavia
27,Without-pay,12th,13,Divorced,Other-service,Own-child,Asian-Pac-Islander,Male,12099,2507,44,Yugoslavia
28,Self-emp-not-inc,1st-4th,14,Married-civ-spouse,Adm-clerical,Husband,Asian-Pac-Islander,Female,3103,1894,40,Yugoslavia
89,Federal-gov,Bachelors,9,Widowed,Handlers-cleaners,Not-in-family,Black,Female,0,115,42,Peru
24,Without-pay,HS-grad,13,Divorced,Prof-specialty,Wife,Asian-Pac-Islander,Male,4386,1564,65,Peru
27,State-gov,11th,14,Married-spouse-absent,Other-service,Own-child,Other,Female,3820,1587,31,Peru
28,Private,Masters,15,Separated,Sales,Unmarried,Amer-Indian-Eskimo,Male,3103,1816,32,Peru
30,Local-gov,9th,1,Married-AF-spouse,Transport-moving,Other-relative,Amer-Indian-Eskimo,Female,12099,1828,35,Peru
37,Self-emp-inc,Some-college,11,Never-married,Farming-fishing,Husband,Other,Male,4386,2008,40,Peru
17,Self-emp-not-inc,Assoc-acdm,4,Married-civ-spouse,Machine-op-inspct,Unmarried,Asian-Pac-Islander,Male,3820,2507,44,Peru
22,Without-pay,7th-8th,15,Widowed,Tech-support,Other-relative,Amer-Indian-Eskimo,Male,3820,1894,50,Peru
37,Federal-gov,Doctorate,15,Married-civ-spouse,Craft-repair,Husband,Other,Male,3820,2008,50,Peru
37,Without-pay,Assoc-voc,15,Married-spouse-absent,Protective-serv,Husband,Amer-Indian-Eskimo,Female,12099,2507,32,Peru
30,Federal-gov,Prof-school,13,Married-civ-spouse,Armed-Forces,Wife,Black,Male,3820,115,31,Peru
28,Self-emp-inc,5th-6th,14,Widowed,Priv-house-serv,Other-relative,Asian-Pac-Islander,Male,3820,1828,42,Peru
27,Federal-gov,10th,11,Separated,Adm-clerical,Husband,Amer-Indian-Eskimo,Male,12099,1564,50,Peru
24,Local-gov,Preschool,11,Divorced,Exec-managerial,Not-in-family,Other,Male,12099,1816,32,Peru
24,Private,12th,15,Married-spouse-absent,Exec-managerial,Husband,Asian-Pac-Islander,Male,3103,1564,65,Peru
22,Private,1st-4th,1,Divorced,Transport-moving,Wife,Other,Female,4386,1587,65,Peru
24,Federal-gov,Bachelors,9,Divorced,Handlers-cleaners,Not-in-family,Black,Female,0,115,42,Outlying-US(Guam-USVI-etc)
27,Without-pay,HS-grad,13,Widowed,Prof-specialty,Wife,Asian-Pac-Islander,Male,4386,1564,65,Outlying-US(Guam-USVI-etc)
28,State-gov,11th,14,Never-married,Other-service,Own-child,Other,Female,3820,1587,31,Outlying-US(Guam-USVI-etc)
89,Private,Masters,15,Married-civ-spouse,Sales,Unmarried,Amer-Indian-Eskimo,Female,3103,1816,32,Outlying-US(Guam-USVI-etc)
17,Local-gov,9th,1,Married-spouse-absent,Transport-moving,Other-relative,Other,Female,12099,1828,35,Outlying-US(Guam-USVI-etc)
22,Self-emp-inc,Some-college,11,Separated,Farming-fishing,Husband,Other,Female,3820,2008,40,Outlying-US(Guam-USVI-etc)
30,Self-emp-not-inc,Assoc-acdm,4,Married-AF-spouse,Machine-op-inspct,Own-child,Black,Male,3103,2507,44,Outlying-US(Guam-USVI-etc)
37,Self-emp-inc,7th-8th,4,Married-spouse-absent,Tech-support,Unmarried,Asian-Pac-Islander,Female,3103,1894,50,Outlying-US(Guam-USVI-etc)
30,Local-gov,Doctorate,1,Never-married,Craft-repair,Wife,Black,Male,12099,1816,44,Outlying-US(Guam-USVI-etc)
28,Local-gov,Assoc-voc,15,Married-spouse-absent,Protective-serv,Own-child,Other,Male,3820,1564,31,Outlying-US(Guam-USVI-etc)
30,Self-emp-not-inc,Prof-school,15,Married-civ-spouse,Armed-Forces,Not-in-family,Other,Female,4386,2008,31,Outlying-US(Guam-USVI-etc)
24,State-gov,5th-6th,9,Married-AF-spouse,Priv-house-serv,Unmarried,Black,Female,3820,1828,40,Outlying-US(Guam-USVI-etc)
37,Without-pay,10th,1,Widowed,Adm-clerical,Wife,Asian-Pac-Islander,Male,3820,2008,65,Outlying-US(Guam-USVI-etc)
24,Self-emp-not-inc,Preschool,9,Separated,Exec-managerial,Unmarried,Black,Female,4386,1564,35,Outlying-US(Guam-USVI-etc)
28,Self-emp-inc,12th,13,Never-married,Exec-managerial,Not-in-family,Asian-Pac-Islander,Female,3820,2507,42,Outlying-US(Guam-USVI-etc)
89,Without-pay,1st-4th,13,Never-married,Priv-house-serv,Husband,Amer-Indian-Eskimo,Female,3103,2008,35,Outlying-US(Guam-USVI-etc)
89,Federal-gov,Bachelors,9,Widowed,Handlers-cleaners,Not-in-family,Black,Female,0,115,42,Scotland
24,Without-pay,HS-grad,13,Divorced,Prof-specialty,Wife,Asian-Pac-Islander,Male,4386,1564,65,Scotland
27,State-gov,11th,14,Married-spouse-absent,Other-service,Own-child,Other,Male,3820,1587,31,Scotland
28,Private,Masters,15,Separated,Sales,Unmarried,Amer-Indian-Eskimo,Female,3103,1816,32,Scotland
30,Local-gov,9th,1,Married-AF-spouse,Transport-moving,Other-relative,Black,Male,12099,1828,35,Scotland
37,Self-emp-inc,Some-college,11,Never-married,Farming-fishing,Husband,Other,Female,3820,2008,40,Scotland
17,Self-emp-not-inc,Assoc-acdm,4,Married-civ-spouse,Machine-op-inspct,Wife,Asian-Pac-Islander,Male,3103,2507,44,Scotland
22,Federal-gov,7th-8th,9,Never-married,Tech-support,Wife,Amer-Indian-Eskimo,Male,12099,1894,50,Scotland
89,Self-emp-not-inc,Doctorate,4,Married-AF-spouse,Craft-repair,Own-child,Asian-Pac-Islander,Female,3820,115,44,Scotland
28,Without-pay,Assoc-voc,11,Married-spouse-absent,Protective-serv,Not-in-family,Amer-Indian-Eskimo,Male,3103,2507,32,Scotland
28,Self-emp-inc,Prof-school,4,Separated,Armed-Forces,Not-in-family,Other,Male,0,115,44,Scotland
28,Without-pay,5th-6th,4,Separated,Priv-house-serv,Not-in-family,Amer-Indian-Eskimo,Male,3103,2507,50,Scotland
28,Private,10th,9,Married-civ-spouse,Adm-clerical,Own-child,Black,Male,3103,2008,31,Scotland
28,Self-emp-not-inc,Preschool,14,Married-civ-spouse,Exec-managerial,Own-child,Asian-Pac-Islander,Male,12099,1816,32,Scotland
27,Self-emp-not-inc,12th,15,Separated,Sales,Wife,Black,Male,3103,1564,65,Scotland
30,Local-gov,1st-4th,11,Married-AF-spouse,Other-service,Own-child,Other,Male,4386,1564,35,Scotland
24,Federal-gov,Bachelors,9,Divorced,Handlers-cleaners,Not-in-family,Black,Female,0,115,42,Trinadad&Tobago
27,Without-pay,HS-grad,13,Widowed,Prof-specialty,Wife,Asian-Pac-Islander,Male,4386,1564,65,Trinadad&Tobago
28,State-gov,11th,14,Never-married,Other-service,Own-child,Other,Male,3820,1587,31,Trinadad&Tobago
89,Private,Masters,15,Married-civ-spouse,Sales,Unmarried,Amer-Indian-Eskimo,Male,3103,1816,32,Trinadad&Tobago
17,Local-gov,9th,1,Married-spouse-absent,Transport-moving,Other-relative,Other,Male,12099,1828,35,Trinadad&Tobago
22,Self-emp-inc,Some-college,11,Separated,Farming-fishing,Husband,Amer-Indian-Eskimo,Male,3103,2008,40,Trinadad&Tobago
30,Self-emp-not-inc,Assoc-acdm,4,Married-AF-spouse,Machine-op-inspct,Own-child,Other,Male,3820,2507,44,Trinadad&Tobago
37,State-gov,7th-8th,11,Divorced,Tech-support,Wife,Other,Male,3103,1894,50,Trinadad&Tobago
27,Self-emp-inc,Doctorate,11,Separated,Craft-repair,Unmarried,Amer-Indian-Eskimo,Male,4386,2008,42,Trinadad&Tobago
37,Without-pay,Assoc-voc,9,Widowed,Protective-serv,Wife,Other,Male,12099,2008,44,Trinadad&Tobago
28,Local-gov,Prof-school,15,Divorced,Armed-Forces,Own-child,Black,Male,4386,2008,44,Trinadad&Tobago
22,Local-gov,5th-6th,15,Widowed,Priv-house-serv,Own-child,Other,Female,4386,1564,31,Trinadad&Tobago
17,State-gov,10th,13,Married-AF-spouse,Adm-clerical,Unmarried,Black,Male,3103,2008,32,Trinadad&Tobago
37,Local-gov,Preschool,14,Separated,Exec-managerial,Own-child,Other,Female,12099,1828,40,Trinadad&Tobago
37,Local-gov,12th,4,Widowed,Adm-clerical,Not-in-family,Amer-Indian-Eskimo,Male,3820,1816,31,Trinadad&Tobago
17,Without-pay,1st-4th,4,Married-civ-spouse,Sales,Unmarried,Amer-Indian-Eskimo,Female,3103,2008,44,Trinadad&Tobago
89,Federal-gov,Bachelors,9,Widowed,Handlers-cleaners,Not-in-family,Black,Female,0,115,42,Greece
24,Without-pay,HS-grad,13,Divorced,Prof-specialty,Wife,Asian-Pac-Islander,Male,4386,1564,65,Greece
27,State-gov,11th,14,Married-spouse-absent,Other-service,Own-child,Other,Male,3820,1587,31,Greece
28,Private,Masters,15,Separated,Sales,Unmarried,Amer-Indian-Eskimo,Male,3103,1816,32,Greece
30,Local-gov,9th,1,Married-AF-spouse,Transport-moving,Other-relative,Black,Female,12099,1828,35,Greece
37,Self-emp-inc,Some-college,11,Never-married,Farming-fishing,Husband,Black,Female,4386,2008,40,Greece
17,Self-emp-not-inc,Assoc-acdm,4,Married-civ-spouse,Machine-op-inspct,Own-child,Other,Male,3820,2507,44,Greece
22,Without-pay,7th-8th,13,Married-AF-spouse,Tech-support,Unmarried,Black,Female,4386,1894,50,Greece
30,Private,Doctorate,11,Never-married,Craft-repair,Husband,Other,Male,3103,1587,35,Greece
17,Self-emp-not-inc,Assoc-voc,9,Married-civ-spouse,Protective-serv,Wife,Other,Male,3103,2008,31,Greece
22,Private,Prof-school,14,Separated,Armed-Forces,Not-in-family,Amer-Indian-Eskimo,Male,3820,1828,44,Greece
22,Local-gov,5th-6th,4,Separated,Priv-house-serv,Wife,Amer-Indian-Eskimo,Female,3820,1828,50,Greece
28,Local-gov,10th,9,Widowed,Adm-clerical,Wife,Amer-Indian-Eskimo,Female,3820,1828,65,Greece
24,Federal-gov,Preschool,11,Married-civ-spouse,Exec-managerial,Other-relative,Other,Female,3103,1894,32,Greece
28,Self-emp-not-inc,12th,9,Married-spouse-absent,Prof-specialty,Other-relative,Black,Female,3103,1816,35,Greece
37,Local-gov,1st-4th,11,Separated,Transport-moving,Not-in-family,Other,Male,4386,1894,42,Greece
24,Federal-gov,Bachelors,9,Divorced,Handlers-cleaners,Not-in-family,Black,Female,0,115,42,Nicaragua
27,Without-pay,HS-grad,13,Widowed,Prof-specialty,Wife,Asian-Pac-Islander,Male,4386,1564,65,Nicaragua
28,State-gov,11th,14,Never-married,Other-service,Own-child,Other,Male,3820,1587,31,Nicaragua
89,Private,Masters,15,Married-civ-spouse,Sales,Unmarried,Amer-Indian-Eskimo,Male,3103,1816,32,Nicaragua
17,Local-gov,9th,1,Married-spouse-absent,Transport-moving,Other-relative,Asian-Pac-Islander,Male,12099,1828,35,Nicaragua
22,Self-emp-inc,Some-college,11,Separated,Farming-fishing,Husband,Other,Male,4386,2008,40,Nicaragua
30,Self-emp-not-inc,Assoc-acdm,4,Married-AF-spouse,Machine-op-inspct,Own-child,Other,Male,3820,2507,44,Nicaragua
37,Federal-gov,7th-8th,1,Divorced,Tech-support,Wife,Black,Female,12099,1894,50,Nicaragua
24,Private,Doctorate,14,Never-married,Craft-repair,Not-in-family,Amer-Indian-Eskimo,Male,4386,2507,31,Nicaragua
27,Private,Assoc-voc,9,Married-AF-spouse,Protective-serv,Wife,Asian-Pac-Islander,Male,4386,1587,31,Nicaragua
17,Without-pay,Prof-school,11,Married-civ-spouse,Armed-Forces,Unmarried,Black,Female,4386,1564,42,Nicaragua
37,State-gov,5th-6th,4,Married-spouse-absent,Priv-house-serv,Own-child,Asian-Pac-Islander,Female,12099,2507,42,Nicaragua
27,Self-emp-inc,10th,13,Married-civ-spouse,Adm-clerical,Unmarried,Amer-Indian-Eskimo,Female,3820,2507,44,Nicaragua
89,Self-emp-not-inc,Preschool,11,Separated,Exec-managerial,Unmarried,Amer-Indian-Eskimo,Female,3103,1587,65,Nicaragua
37,State-gov,12th,1,Married-civ-spouse,Other-service,Unmarried,Asian-Pac-Islander,Male,3820,1894,50,Nicaragua
28,Private,1st-4th,11,Divorced,Priv-house-serv,Husband,Asian-Pac-Islander,Female,4386,1564,65,Nicaragua
89,Federal-gov,Bachelors,9,Widowed,Handlers-cleaners,Not-in-family,Black,Female,0,115,42,Vietnam
24,Without-pay,HS-grad,13,Divorced,Prof-specialty,Wife,Asian-Pac-Islander,Male,4386,1564,65,Vietnam
27,State-gov,11th,14,Married-spouse-absent,Other-service,Own-child,Other,Male,3820,1587,31,Vietnam
28,Private,Masters,15,Separated,Sales,Unmarried,Amer-Indian-Eskimo,Female,3103,1816,32,Vietnam
30,Local-gov,9th,1,Married-AF-spouse,Transport-moving,Other-relative,Black,Male,12099,1828,35,Vietnam
37,Self-emp-inc,Some-college,11,Never-married,Farming-fishing,Husband,Other,Male,3820,2008,40,Vietnam
17,Self-emp-not-inc,Assoc-acdm,4,Married-civ-spouse,Machine-op-inspct,Own-child,Black,Male,3820,2507,44,Vietnam
22,State-gov,7th-8th,9,Married-AF-spouse,Tech-support,Unmarried,Amer-Indian-Eskimo,Male,3103,1894,50,Vietnam
27,State-gov,Doctorate,15,Never-married,Craft-repair,Wife,Asian-Pac-Islander,Female,4386,2507,32,Vietnam
89,Self-emp-inc,Assoc-voc,15,Never-married,Protective-serv,Wife,Black,Female,4386,1587,40,Vietnam
30,Self-emp-inc,Prof-school,9,Separated,Armed-Forces,Other-relative,Other,Male,3103,1587,35,Vietnam
28,Federal-gov,5th-6th,15,Divorced,Priv-house-serv,Unmarried,Asian-Pac-Islander,Male,12099,1894,31,Vietnam
17,Local-gov,10th,9,Married-spouse-absent,Adm-clerical,Unmarried,Asian-Pac-Islander,Female,4386,1816,32,Vietnam
37,Local-gov,Preschool,11,Widowed,Exec-managerial,Unmarried,Black,Female,3820,1587,35,Vietnam
24,Local-gov,12th,4,Married-civ-spouse,Priv-house-serv,Other-relative,Other,Male,12099,115,65,Vietnam
22,Self-emp-inc,1st-4th,1,Married-AF-spouse,Armed-Forces,Not-in-family,Other,Male,12099,115,65,Vietnam
24,Federal-gov,Bachelors,9,Divorced,Handlers-cleaners,Not-in-family,Black,Female,0,115,42,Hong
27,Without-pay,HS-grad,13,Widowed,Prof-specialty,Wife,Asian-Pac-Islander,Male,4386,1564,65,Hong
28,State-gov,11th,14,Never-married,Other-service,Own-child,Other,Female,3820,1587,31,Hong
89,Private,Masters,15,Married-civ-spouse,Sales,Unmarried,Amer-Indian-Eskimo,Female,3103,1816,32,Hong
17,Local-gov,9th,1,Married-spouse-absent,Transport-moving,Other-relative,Asian-Pac-Islander,Male,12099,1828,35,Hong
22,Self-emp-inc,Some-college,11,Separated,Farming-fishing,Husband,Asian-Pac-Islander,Male,3820,2008,40,Hong
30,Self-emp-not-inc,Assoc-acdm,4,Married-AF-spouse,Machine-op-inspct,Husband,Amer-Indian-Eskimo,Female,3820,2507,44,Hong
37,State-gov,7th-8th,11,Married-AF-spouse,Tech-support,Other-relative,Asian-Pac-Islander,Male,12099,1894,50,Hong
24,Self-emp-not-inc,Doctorate,9,Married-spouse-absent,Craft-repair,Unmarried,Asian-Pac-Islander,Male,3820,1894,32,Hong
27,State-gov,Assoc-voc,11,Never-married,Protective-serv,Other-relative,Amer-Indian-Eskimo,Female,4386,2507,44,Hong
17,State-gov,Prof-school,4,Never-married,Armed-Forces,Husband,Other,Male,4386,1587,65,Hong
28,Federal-gov,5th-6th,13,Never-married,Priv-house-serv,Other-relative,Amer-Indian-Eskimo,Male,3103,1564,44,Hong
37,Local-gov,10th,13,Widowed,Adm-clerical,Wife,Amer-Indian-Eskimo,Male,3103,1816,32,Hong
22,Self-emp-not-inc,Preschool,14,Married-civ-spouse,Exec-managerial,Not-in-family,Amer-Indian-Eskimo,Male,12099,1828,31,Hong
17,State-gov,12th,13,Married-civ-spouse,Prof-specialty,Wife,Amer-Indian-Eskimo,Male,0,115,65,Hong
24,Local-gov,1st-4th,4,Divorced,Craft-repair,Unmarried,Asian-Pac-Islander,Male,4386,115,40,Hong
89,Federal-gov,Bachelors,9,Widowed,Handlers-cleaners,Not-in-family,Black,Female,0,115,42,Ireland
24,Without-pay,HS-grad,13,Divorced,Prof-specialty,Wife,Asian-Pac-Islander,Male,4386,1564,65,Ireland
27,State-gov,11th,14,Married-spouse-absent,Other-service,Own-child,Other,Female,3820,1587,31,Ireland
28,Private,Masters,15,Separated,Sales,Unmarried,Amer-Indian-Eskimo,Male,3103,1816,32,Ireland
30,Local-gov,9th,1,Married-AF-spouse,Transport-moving,Other-relative,Other,Male,12099,1828,35,Ireland
37,Self-emp-inc,Some-college,11,Never-married,Farming-fishing,Husband,Amer-Indian-Eskimo,Male,3820,2008,40,Ireland
17,Self-emp-not-inc,Assoc-acdm,4,Married-civ-spouse,Machine-op-inspct,Not-in-family,Amer-Indian-Eskimo,Female,3820,2507,44,Ireland
22,Without-pay,7th-8th,11,Married-spouse-absent,Tech-support,Not-in-family,Amer-Indian-Eskimo,Male,12099,1894,50,Ireland
24,Self-emp-not-inc,Doctorate,14,Married-civ-spouse,Craft-repair,Wife,Asian-Pac-Islander,Male,12099,115,35,Ireland
37,Local-gov,Assoc-voc,14,Divorced,Protective-serv,Own-child,Other,Female,4386,1828,32,Ireland
28,Self-emp-not-inc,Prof-school,1,Married-spouse-absent,Armed-Forces,Other-relative,Asian-Pac-Islander,Female,12099,1564,50,Ireland
30,Without-pay,5th-6th,1,Married-spouse-absent,Priv-house-serv,Not-in-family,Other,Male,3820,115,35,Ireland
89,State-gov,10th,13,Married-spouse-absent,Adm-clerical,Husband,Black,Female,3820,1564,65,Ireland
28,Self-emp-inc,Preschool,15,Divorced,Exec-managerial,Not-in-family,Amer-Indian-Eskimo,Female,12099,1828,35,Ireland
27,Self-emp-inc,12th,13,Divorced,Farming-fishing,Husband,Asian-Pac-Islander,Female,12099,2507,42,Ireland
89,Self-emp-inc,1st-4th,14,Separated,Sales,Wife,Asian-Pac-Islander,Male,12099,2008,42,Ireland
24,Federal-gov,Bachelors,9,Divorced,Handlers-cleaners,Not-in-family,Black,Female,0,115,42,Hungary
27,Without-pay,HS-grad,13,Widowed,Prof-specialty,Wife,Asian-Pac-Islander,Male,4386,1564,65,Hungary
28,State-gov,11th,14,Never-married,Other-service,Own-child,Other,Female,3820,1587,31,Hungary
89,Private,Masters,15,Married-civ-spouse,Sales,Unmarried,Amer-Indian-Eskimo,Female,3103,1816,32,Hungary
17,Local-gov,9th,1,Married-spouse-absent,Transport-moving,Other-relative,Amer-Indian-Eskimo,Female,12099,1828,35,Hungary
22,Self-emp-inc,Some-college,11,Separated,Farming-fishing,Husband,Amer-Indian-Eskimo,Female,3103,2008,40,Hungary
30,Self-emp-not-inc,Assoc-acdm,4,Married-AF-spouse,Machine-op-inspct,Own-child,Other,Male,12099,2507,44,Hungary
37,Self-emp-inc,7th-8th,15,Never-married,Tech-support,Husband,Amer-Indian-Eskimo,Female,3103,1894,50,Hungary
27,Self-emp-not-inc,Doctorate,4,Married-spouse-absent,Craft-repair,Husband,Asian-Pac-Islander,Male,3103,2507,50,Hungary
30,State-gov,Assoc-voc,15,Widowed,Protective-serv,Husband,Asian-Pac-Islander,Male,3103,1564,32,Hungary
89,Self-emp-not-inc,Prof-school,9,Married-civ-spouse,Armed-Forces,Own-child,Other,Male,3103,1564,50,Hungary
28,Federal-gov,5th-6th,9,Divorced,Priv-house-serv,Unmarried,Other,Male,4386,1587,44,Hungary
28,Federal-gov,10th,11,Separated,Adm-clerical,Unmarried,Asian-Pac-Islander,Female,12099,1894,35,Hungary
24,Self-emp-inc,Preschool,9,Divorced,Exec-managerial,Other-relative,Black,Female,12099,2507,65,Hungary
27,Federal-gov,12th,13,Separated,Farming-fishing,Other-relative,Amer-Indian-Eskimo,Male,12099,1894,50,Hungary
22,Local-gov,1st-4th,9,Married-AF-spouse,Farming-fishing,Not-in-family,Asian-Pac-Islander,Female,3820,2507,31,Hungary
89,Federal-gov,Bachelors,9,Widowed,Handlers-cleaners,Not-in-family,Black,Female,0,115,42,Holand-Netherlands
24,Without-pay,HS-grad,13,Divorced,Prof-specialty,Wife,Asian-Pac-Islander,Male,4386,1564,65,Holand-Netherlands
27,State-gov,11th,14,Married-spouse-absent,Other-service,Own-child,Other,Female,3820,1587,31,Holand-Netherlands
28,Private,Masters,15,Separated,Sales,Unmarried,Amer-Indian-Eskimo,Female,3103,1816,32,Holand-Netherlands
30,Local-gov,9th,1,Married-AF-spouse,Transport-moving,Other-relative,Black,Female,12099,1828,35,Holand-Netherlands
37,Self-emp-inc,Some-college,11,Never-married,Farming-fishing,Husband,Black,Male,12099,2008,40,Holand-Netherlands
17,Self-emp-not-inc,Assoc-acdm,4,Married-civ-spouse,Machine-op-inspct,Other-relative,Black,Female,12099,2507,44,Holand-Netherlands
22,Without-pay,7th-8th,14,Married-civ-spouse,Tech-support,Own-child,Black,Female,3103,1894,50,Holand-Netherlands
37,State-gov,Doctorate,4,Separated,Craft-repair,Own-child,Black,Female,3820,1587,65,Holand-Netherlands
22,Self-emp-inc,Assoc-voc,15,Married-civ-spouse,Protective-serv,Unmarried,Other,Male,4386,2008,31,Holand-Netherlands
89,State-gov,Prof-school,13,Never-married,Armed-Forces,Own-child,Other,Female,4386,115,32,Holand-Netherlands
89,Federal-gov,5th-6th,11,Married-spouse-absent,Priv-house-serv,Other-relative,Asian-Pac-Islander,Male,12099,2008,44,Holand-Netherlands
28,State-gov,10th,4,Married-AF-spouse,Adm-clerical,Own-child,Black,Female,4386,2008,42,Holand-Netherlands
22,Local-gov,Preschool,14,Never-married,Exec-managerial,Unmarried,Asian-Pac-Islander,Female,12099,1816,42,Holand-Netherlands
30,Self-emp-not-inc,12th,13,Married-civ-spouse,Craft-repair,Not-in-family,Asian-Pac-Islander,Female,12099,1816,44,Holand-Netherlands
28,Self-emp-not-inc,1st-4th,14,Married-civ-spouse,Farming-fishing,Unmarried,Amer-Indian-Eskimo,Female,3820,115,32,Holand-Netherlands
22,Without-pay,Assoc-acdm,15,Never-married,Craft-repair,Own-child,Asian-Pac-Islander,Male,0,115,35,Cuba
24,Federal-gov,Prof-school,1,Married-civ-spouse,Sales,Unmarried,Amer-Indian-Eskimo,Female,0,115,50,Jamaica
28,Local-gov,Masters,15,Married-civ-spouse,Adm-clerical,Other-relative,Other,Female,0,115,44,India
37,Self-emp-not-inc,HS-grad,9,Married-spouse-absent,Priv-house-serv,Own-child,Asian-Pac-Islander,Male,0,115,65,Mexico
22,Self-emp-inc,HS-grad,1,Married-civ-spouse,Machine-op-inspct,Unmarried,Other,Female,0,115,32,Puerto-Rico
27,State-gov,Masters,14,Married-civ-spouse,Sales,Unmarried,Asian-Pac-Islander,Male,0,115,32,Honduras
27,Private,5th-6th,1,Widowed,Other-service,Other-relative,Asian-Pac-Islander,Female,0,115,32,England
22,State-gov,Bachelors,1,Married-civ-spouse,Adm-clerical,Not-in-family,White,Female,0,115,32,United-States
24,Private,HS-grad,4,Divorced,Exec-managerial,Husband,White,Male,0,115,35,United-States
28,Federal-gov,11th,11,Separated,Handlers-cleaners,Own-child,White,Male,0,115,40,United-States
37,Local-gov,Masters,13,Widowed,Prof-specialty,Other-relative,White,Male,0,115,50,United-States
89,Without-pay,Some-college,11,Divorced,Other-service,Not-in-family,White,Male,0,115,65,United-States
28,State-gov,Assoc-acdm,11,Never-married,Transport-moving,Wife,White,Female,0,115,42,United-States
30,Federal-gov,Doctorate,9,Married-AF-spouse,Farming-fishing,Own-child,White,Female,0,115,35,United-States
24,State-gov,Assoc-voc,15,Married-AF-spouse,Tech-support,Unmarried,White,Male,0,115,40,United-States
27,Without-pay,5th-6th,14,Widowed,Craft-repair,Unmarried,White,Male,0,115,32,United-States
24,Without-pay,10th,1,Separated,Armed-Forces,Own-child,White,Male,0,115,44,United-States
37,State-gov,Preschool,1,Married-AF-spouse,Priv-house-serv,Husband,White,Female,0,115,31,United-States
37,State-gov,12th,15,Married-AF-spouse,Handlers-cleaners,Husband,White,Female,0,115,65,United-States
89,State-gov,1st-4th,14,Married-AF-spouse,Other-service,Other-relative,White,Male,0,115,44,United-States
