Expected_ModelPred,Expected_PredValue,age,workclass,education,education_num,marital_status,occupation,relationship,race,sex,capital_gain,capital_loss,hours_per_week,native_country
[0.058205097913742065],0,22,Self-emp-not-inc,Bachelors,4,Married-civ-spouse,Exec-managerial,Husband,Black,Female,0,115,32,United-States
[0.03615185618400574],0,24,Private,HS-grad,9,Divorced,Handlers-cleaners,Wife,Asian-Pac-Islander,Male,0,115,35,United-States
[0.07014995813369751],0,27,Federal-gov,11th,11,Married-spouse-absent,Prof-specialty,Own-child,Amer-Indian-Eskimo,Female,0,115,40,United-States
[0.032311856746673584],0,28,Local-gov,Masters,13,Separated,Other-service,Unmarried,Other,Male,0,115,42,United-States
[0.39894720911979675],0,30,Self-emp-inc,9th,14,Married-AF-spouse,Sales,Other-relative,White,Female,0,115,44,United-States
[0.5794934630393982],1,37,Without-pay,Some-college,15,Widowed,Transport-moving,Not-in-family,Black,Male,0,115,50,United-States
[0.024758249521255493],0,89,State-gov,Assoc-acdm,1,Never-married,Farming-fishing,Husband,Asian-Pac-Islander,Female,0,115,65,United-States
[0.005182504653930664],0,17,Self-emp-not-inc,7th-8th,9,Married-spouse-absent,Machine-op-inspct,Unmarried,White,Male,0,115,31,United-States
[0.19828307628631592],0,22,Federal-gov,Doctorate,13,Married-AF-spouse,Tech-support,Not-in-family,Amer-Indian-Eskimo,Male,0,115,35,United-States
[0.04483044147491455],0,24,Local-gov,Assoc-voc,14,Widowed,Craft-repair,Husband,Other,Female,0,115,40,United-States
[0.6276859641075134],1,27,Self-emp-inc,Prof-school,15,Never-married,Protective-serv,Wife,White,Male,0,115,42,United-States
[0.03820684552192688],0,28,Without-pay,5th-6th,1,Married-civ-spouse,Armed-Forces,Own-child,Asian-Pac-Islander,Male,0,115,44,United-States
[0.006407409906387329],0,30,State-gov,10th,4,Divorced,Priv-house-serv,Unmarried,Amer-Indian-Eskimo,Female,0,115,50,United-States
[0.18421894311904907],0,37,Private,Preschool,11,Separated,Adm-clerical,Other-relative,Other,Female,0,115,65,United-States
[0.45743778347969055],0,89,Federal-gov,12th,14,Divorced,Exec-managerial,Not-in-family,Other,Male,0,115,31,United-States
[0.008608728647232056],0,17,Local-gov,1st-4th,15,Married-AF-spouse,Handlers-cleaners,Own-child,Other,Female,0,115,32,United-States
[0.9873895645141602],1,24,Without-pay,Bachelors,1,Married-AF-spouse,Prof-specialty,Other-relative,Black,Male,3820,1564,42,Cuba
[0.936269998550415],1,27,State-gov,HS-grad,4,Widowed,Other-service,Not-in-family,Asian-Pac-Islander,Female,3103,1587,44,Cuba
[0.9996626377105713],1,28,Self-emp-not-inc,11th,9,Never-married,Sales,Wife,Other,Female,4386,1816,50,Cuba
[1.0],1,30,Federal-gov,Masters,15,Married-civ-spouse,Transport-moving,Unmarried,Amer-Indian-Eskimo,Male,12099,1828,65,Cuba
[0.9933936595916748],1,37,Local-gov,9th,11,Divorced,Farming-fishing,Husband,Black,Male,3103,1894,31,Cuba
[1.0],1,89,Self-emp-inc,Some-college,13,Married-spouse-absent,Machine-op-inspct,Wife,Asian-Pac-Islander,Female,12099,2008,32,Cuba
[0.9994567632675171],1,17,Private,Assoc-acdm,14,Separated,Tech-support,Own-child,Black,Male,4386,2507,40,Cuba
[0.9976664781570435],1,22,Self-emp-inc,7th-8th,11,Widowed,Craft-repair,Unmarried,Asian-Pac-Islander,Female,4386,1564,35,Cuba
[0.999814510345459],1,24,Self-emp-not-inc,Doctorate,11,Married-civ-spouse,Protective-serv,Other-relative,Amer-Indian-Eskimo,Female,3820,1587,50,Cuba
[1.0],1,27,Private,Assoc-voc,13,Divorced,Armed-Forces,Other-relative,Black,Male,12099,1816,65,Cuba
[0.9495817422866821],1,28,Private,Prof-school,1,Widowed,Priv-house-serv,Not-in-family,Amer-Indian-Eskimo,Female,3820,1828,31,Cuba
[0.893059492111206],1,30,Without-pay,5th-6th,9,Never-married,Adm-clerical,Not-in-family,Amer-Indian-Eskimo,Female,3103,1894,32,Cuba
[0.9997521638870239],1,37,State-gov,10th,14,Married-spouse-absent,Exec-managerial,Own-child,Other,Male,3820,2008,35,Cuba
[1.0],1,89,Self-emp-not-inc,Preschool,4,Widowed,Handlers-cleaners,Own-child,Amer-Indian-Eskimo,Male,12099,2507,42,Cuba
[0.999168872833252],1,17,Self-emp-inc,12th,9,Separated,Prof-specialty,Husband,Amer-Indian-Eskimo,Female,3820,1587,65,Cuba
[0.9123895168304443],1,22,Without-pay,1st-4th,1,Married-spouse-absent,Other-service,Wife,Black,Male,3103,1816,40,Cuba
[0.9979338645935059],1,27,Local-gov,Bachelors,4,Separated,Sales,Wife,Asian-Pac-Islander,Male,3820,1828,35,Jamaica
[0.9938713312149048],1,28,Self-emp-inc,HS-grad,13,Married-AF-spouse,Transport-moving,Other-relative,Other,Female,3103,1894,40,Jamaica
[0.9999747276306152],1,30,Private,11th,15,Married-civ-spouse,Farming-fishing,Husband,Black,Male,4386,2008,42,Jamaica
[0.9639679193496704],1,37,Federal-gov,Masters,1,Never-married,Machine-op-inspct,Unmarried,Black,Female,3820,2507,44,Jamaica
[1.0],1,89,State-gov,9th,9,Married-civ-spouse,Tech-support,Wife,Other,Female,12099,1564,50,Jamaica
[1.0],1,17,State-gov,Some-college,11,Married-AF-spouse,Craft-repair,Own-child,Asian-Pac-Islander,Male,12099,1816,31,Jamaica
[0.997968316078186],1,22,Without-pay,Assoc-acdm,14,Divorced,Protective-serv,Unmarried,Other,Male,4386,1828,32,Jamaica
[0.9997735023498535],1,24,Self-emp-not-inc,7th-8th,15,Married-spouse-absent,Armed-Forces,Not-in-family,Asian-Pac-Islander,Female,3103,1894,65,Jamaica
[0.9994057416915894],1,27,Local-gov,Doctorate,9,Separated,Priv-house-serv,Husband,Amer-Indian-Eskimo,Male,4386,2008,44,Jamaica
[1.0],1,28,Federal-gov,Assoc-voc,15,Divorced,Adm-clerical,Wife,Black,Male,12099,1587,35,Jamaica
[0.9999116659164429],1,30,Local-gov,Prof-school,13,Married-civ-spouse,Exec-managerial,Other-relative,Asian-Pac-Islander,Female,3103,2507,40,Jamaica
[1.0],1,37,Self-emp-not-inc,5th-6th,13,Never-married,Handlers-cleaners,Husband,Amer-Indian-Eskimo,Female,12099,1564,40,Jamaica
[0.9992002248764038],1,89,Private,10th,15,Separated,Prof-specialty,Unmarried,Other,Male,3103,1816,44,Jamaica
[0.9789074659347534],1,17,Federal-gov,Preschool,9,Married-AF-spouse,Other-service,Husband,Black,Female,3103,1828,50,Jamaica
[0.9997268915176392],1,22,State-gov,12th,15,Widowed,Sales,Other-relative,Black,Female,4386,1894,42,Jamaica
[0.9691730737686157],1,24,Self-emp-inc,1st-4th,4,Never-married,Transport-moving,Other-relative,Asian-Pac-Islander,Female,4386,2008,31,Jamaica
[1.0],1,28,State-gov,Bachelors,11,Married-spouse-absent,Farming-fishing,Not-in-family,Other,Female,12099,2507,32,India
[0.9977418184280396],1,30,Local-gov,HS-grad,14,Separated,Machine-op-inspct,Own-child,Amer-Indian-Eskimo,Male,3103,1564,65,India
[0.9973622560501099],1,37,Without-pay,11th,4,Married-AF-spouse,Tech-support,Unmarried,Asian-Pac-Islander,Male,4386,1587,31,India
[0.9550653100013733],1,89,Self-emp-not-inc,Masters,1,Divorced,Craft-repair,Other-relative,Black,Female,3820,1894,35,India
[0.9976255893707275],1,17,Federal-gov,9th,4,Widowed,Protective-serv,Not-in-family,Asian-Pac-Islander,Male,4386,2008,40,India
[0.9881192445755005],1,22,Self-emp-inc,Some-college,9,Never-married,Armed-Forces,Own-child,Amer-Indian-Eskimo,Female,3820,2507,50,India
[1.0],1,24,Federal-gov,Assoc-acdm,13,Married-civ-spouse,Priv-house-serv,Not-in-family,Asian-Pac-Islander,Female,12099,1816,42,India
[1.0],1,27,Self-emp-not-inc,7th-8th,14,Married-AF-spouse,Adm-clerical,Wife,Other,Male,12099,1828,44,India
[0.9998183250427246],1,28,Private,Doctorate,4,Married-spouse-absent,Exec-managerial,Husband,Other,Male,4386,1564,65,India
[0.9929652214050293],1,30,Without-pay,Assoc-voc,11,Separated,Handlers-cleaners,Wife,Amer-Indian-Eskimo,Male,3820,1587,31,India
[0.9999335408210754],1,37,State-gov,Prof-school,14,Widowed,Prof-specialty,Wife,Asian-Pac-Islander,Female,3820,1816,32,India
[0.9980626106262207],1,89,Self-emp-inc,5th-6th,11,Never-married,Other-service,Other-relative,Black,Female,4386,1828,35,India
[1.0],1,17,Federal-gov,10th,1,Married-civ-spouse,Sales,Other-relative,Amer-Indian-Eskimo,Female,12099,1564,32,India
[0.8539453744888306],1,22,Local-gov,Preschool,1,Married-spouse-absent,Transport-moving,Own-child,Other,Female,3820,1587,44,India
[0.9969006776809692],1,24,State-gov,12th,13,Separated,Farming-fishing,Own-child,Asian-Pac-Islander,Male,3820,1828,40,India
[1.0],1,27,Private,1st-4th,14,Married-civ-spouse,Machine-op-inspct,Unmarried,Amer-Indian-Eskimo,Female,12099,1894,50,India
[0.9917621612548828],1,30,Self-emp-inc,Bachelors,1,Widowed,Tech-support,Husband,Amer-Indian-Eskimo,Female,3103,1816,65,Mexico
[1.0],1,37,Without-pay,HS-grad,9,Married-spouse-absent,Craft-repair,Other-relative,Black,Male,12099,1828,42,Mexico
[0.9994735717773438],1,89,Local-gov,11th,13,Married-AF-spouse,Protective-serv,Not-in-family,Other,Male,3103,2507,35,Mexico
[0.9999134540557861],1,17,Without-pay,Masters,11,Divorced,Armed-Forces,Wife,Asian-Pac-Islander,Male,4386,2008,50,Mexico
[0.9892993569374084],1,22,Private,9th,15,Never-married,Priv-house-serv,Own-child,Black,Male,3820,1587,32,Mexico
[0.9876718521118164],1,24,Self-emp-not-inc,Some-college,4,Divorced,Adm-clerical,Unmarried,Other,Male,4386,1564,44,Mexico
[1.0],1,27,Federal-gov,Assoc-acdm,15,Separated,Exec-managerial,Wife,Amer-Indian-Eskimo,Male,12099,1894,31,Mexico
[0.9390734434127808],1,28,State-gov,7th-8th,1,Married-civ-spouse,Handlers-cleaners,Unmarried,Black,Male,3103,2008,40,Mexico
[0.9999382495880127],1,30,Self-emp-not-inc,Doctorate,13,Divorced,Prof-specialty,Own-child,Asian-Pac-Islander,Female,4386,2507,31,Mexico
[0.9990397691726685],1,37,Self-emp-inc,Assoc-voc,14,Married-civ-spouse,Other-service,Not-in-family,Amer-Indian-Eskimo,Male,3103,1564,32,Mexico
[0.9992997050285339],1,89,Without-pay,Prof-school,13,Divorced,Sales,Husband,Other,Male,3103,1587,40,Mexico
[0.9986491799354553],1,17,Private,5th-6th,14,Divorced,Transport-moving,Wife,Other,Female,3820,1816,42,Mexico
[0.9998853206634521],1,22,Without-pay,10th,9,Married-AF-spouse,Farming-fishing,Wife,Black,Male,4386,1587,65,Mexico
[0.9977896213531494],1,24,Without-pay,Preschool,4,Married-civ-spouse,Machine-op-inspct,Not-in-family,Asian-Pac-Islander,Female,4386,1816,35,Mexico
[1.0],1,27,Self-emp-not-inc,12th,11,Married-spouse-absent,Tech-support,Unmarried,Asian-Pac-Islander,Male,12099,2008,32,Mexico
[0.999910831451416],1,28,Federal-gov,1st-4th,15,Separated,Craft-repair,Not-in-family,Amer-Indian-Eskimo,Female,3820,2507,65,Mexico
[1.0],1,37,Private,Bachelors,9,Widowed,Protective-serv,Own-child,Black,Female,12099,1894,44,Puerto-Rico
[0.9993691444396973],1,89,Federal-gov,HS-grad,11,Married-AF-spouse,Armed-Forces,Husband,Other,Male,3820,2008,31,Puerto-Rico
[0.9500035047531128],1,17,Self-emp-inc,11th,14,Never-married,Priv-house-serv,Other-relative,Asian-Pac-Islander,Male,3103,1564,35,Puerto-Rico
[0.9836674332618713],1,22,Local-gov,Masters,1,Married-spouse-absent,Adm-clerical,Husband,Amer-Indian-Eskimo,Male,4386,1816,40,Puerto-Rico
[0.9895305633544922],1,24,Without-pay,9th,11,Separated,Exec-managerial,Unmarried,Amer-Indian-Eskimo,Male,3103,1828,42,Puerto-Rico
[0.9856212139129639],1,27,Federal-gov,Some-college,4,Married-civ-spouse,Handlers-cleaners,Other-relative,Amer-Indian-Eskimo,Female,3103,1894,65,Puerto-Rico
[1.0],1,28,Local-gov,Assoc-acdm,13,Widowed,Prof-specialty,Not-in-family,Amer-Indian-Eskimo,Female,12099,2008,50,Puerto-Rico
[0.9987244606018066],1,30,Self-emp-not-inc,7th-8th,15,Divorced,Other-service,Husband,Other,Female,3820,2507,32,Puerto-Rico
[0.9951934218406677],1,37,State-gov,Doctorate,14,Never-married,Sales,Unmarried,Black,Female,3103,1587,42,Puerto-Rico
[0.9999455213546753],1,89,State-gov,Assoc-voc,9,Married-spouse-absent,Transport-moving,Wife,Asian-Pac-Islander,Female,4386,2507,44,Puerto-Rico
[1.0],1,17,Self-emp-not-inc,Prof-school,4,Separated,Farming-fishing,Unmarried,Black,Male,12099,1564,44,Puerto-Rico
[1.0],1,22,State-gov,5th-6th,15,Married-AF-spouse,Machine-op-inspct,Other-relative,Other,Female,12099,1587,31,Puerto-Rico
[0.9966983795166016],1,24,Local-gov,10th,11,Never-married,Tech-support,Not-in-family,Asian-Pac-Islander,Male,3820,1828,42,Puerto-Rico
[0.9899794459342957],1,27,Self-emp-inc,Preschool,13,Never-married,Craft-repair,Wife,Black,Female,3103,2008,32,Puerto-Rico
[0.909370481967926],1,28,Private,12th,1,Married-AF-spouse,Protective-serv,Husband,Asian-Pac-Islander,Female,3103,1564,31,Puerto-Rico
[0.9357022047042847],1,30,State-gov,1st-4th,4,Widowed,Armed-Forces,Husband,Amer-Indian-Eskimo,Male,3103,1828,35,Puerto-Rico
[0.9996813535690308],1,89,Self-emp-not-inc,Bachelors,15,Married-spouse-absent,Priv-house-serv,Unmarried,Other,Female,4386,1894,40,Honduras
[0.9862467050552368],1,17,Self-emp-inc,HS-grad,1,Separated,Adm-clerical,Own-child,Asian-Pac-Islander,Male,3820,2507,50,Honduras
[1.0],1,22,State-gov,11th,9,Widowed,Exec-managerial,Other-relative,Black,Male,12099,1816,44,Honduras
[0.9832251071929932],1,24,Private,Masters,14,Married-AF-spouse,Handlers-cleaners,Not-in-family,Amer-Indian-Eskimo,Female,3103,1828,32,Honduras
[0.9828193783760071],1,27,Without-pay,9th,1,Never-married,Prof-specialty,Husband,Amer-Indian-Eskimo,Female,4386,2507,35,Honduras
[1.0],1,28,Local-gov,Some-college,14,Married-civ-spouse,Other-service,Own-child,Asian-Pac-Islander,Male,12099,1587,42,Honduras
[0.9998464584350586],1,30,Self-emp-inc,Assoc-acdm,11,Married-spouse-absent,Sales,Own-child,Amer-Indian-Eskimo,Male,3820,2008,65,Honduras
[0.9998494386672974],1,37,Federal-gov,7th-8th,13,Separated,Transport-moving,Other-relative,Amer-Indian-Eskimo,Male,4386,1564,50,Honduras
[1.0],1,89,Self-emp-inc,Doctorate,4,Widowed,Farming-fishing,Wife,Amer-Indian-Eskimo,Female,12099,1816,50,Honduras
[0.9964851140975952],1,17,Self-emp-not-inc,Assoc-voc,11,Divorced,Machine-op-inspct,Own-child,Asian-Pac-Islander,Male,3820,1894,42,Honduras
[0.9996669292449951],1,22,Federal-gov,Prof-school,11,Married-spouse-absent,Tech-support,Other-relative,Asian-Pac-Islander,Female,4386,1894,44,Honduras
[0.9971574544906616],1,24,Local-gov,5th-6th,4,Married-spouse-absent,Craft-repair,Unmarried,Asian-Pac-Islander,Female,4386,2507,50,Honduras
[0.9940477609634399],1,27,Self-emp-inc,10th,13,Widowed,Protective-serv,Husband,Other,Male,3103,1564,31,Honduras
[0.9983842968940735],1,28,Local-gov,Preschool,15,Divorced,Armed-Forces,Unmarried,Amer-Indian-Eskimo,Male,3820,1564,40,Honduras
[0.9999681711196899],1,37,Without-pay,12th,4,Married-AF-spouse,Priv-house-serv,Wife,Amer-Indian-Eskimo,Male,4386,2507,65,Honduras
[0.9997166991233826],1,89,State-gov,1st-4th,13,Married-civ-spouse,Adm-clerical,Wife,Amer-Indian-Eskimo,Female,3103,1587,42,Honduras
[0.998166561126709],1,17,Federal-gov,Bachelors,13,Never-married,Handlers-cleaners,Not-in-family,Black,Female,4386,1816,50,England
[0.9999129772186279],1,22,Self-emp-not-inc,HS-grad,15,Married-civ-spouse,Prof-specialty,Unmarried,Asian-Pac-Islander,Male,3820,1828,32,England
[0.9432555437088013],1,24,Private,11th,1,Divorced,Other-service,Own-child,Other,Female,3103,1894,65,England
[1.0],1,27,Self-emp-inc,Masters,9,Widowed,Sales,Not-in-family,Amer-Indian-Eskimo,Female,12099,1587,31,England
[1.0],1,28,Self-emp-not-inc,9th,11,Married-spouse-absent,Transport-moving,Husband,Black,Male,12099,2008,35,England
[0.9957214593887329],1,30,Private,Some-college,14,Separated,Farming-fishing,Other-relative,Asian-Pac-Islander,Male,3103,1828,40,England
[0.9967343807220459],1,37,Local-gov,Assoc-acdm,4,Married-AF-spouse,Machine-op-inspct,Wife,Asian-Pac-Islander,Male,3103,1564,44,England
[0.9999015927314758],1,89,Without-pay,7th-8th,15,Never-married,Tech-support,Own-child,Amer-Indian-Eskimo,Female,4386,1816,42,England
[0.9994071125984192],1,30,Private,Doctorate,1,Married-civ-spouse,Craft-repair,Husband,Asian-Pac-Islander,Male,3820,1894,44,England
[0.9863490462303162],1,22,State-gov,Assoc-voc,1,Separated,Protective-serv,Unmarried,Black,Male,3820,2008,50,England
[1.0],1,24,Self-emp-inc,Prof-school,9,Married-AF-spouse,Armed-Forces,Own-child,Black,Female,12099,2507,35,England
[0.9999912977218628],1,27,Federal-gov,5th-6th,11,Widowed,Priv-house-serv,Wife,Asian-Pac-Islander,Male,4386,2008,65,England
[0.9982645511627197],1,28,Self-emp-not-inc,10th,14,Married-civ-spouse,Adm-clerical,Other-relative,Black,Female,3103,1894,31,England
[0.9999645948410034],1,30,Self-emp-inc,Preschool,14,Divorced,Exec-managerial,Own-child,Asian-Pac-Islander,Male,3820,1587,50,England
[0.9983758926391602],1,22,Local-gov,12th,13,Never-married,Handlers-cleaners,Other-relative,Asian-Pac-Islander,Male,4386,1816,44,England
[0.9994758367538452],1,37,Self-emp-not-inc,1st-4th,9,Divorced,Prof-specialty,Other-relative,Black,Male,3820,1894,44,England
[0.997931182384491],1,17,Private,Bachelors,14,Divorced,Other-service,Not-in-family,Black,Female,4386,2008,31,Canada
[0.9980473518371582],1,24,Without-pay,HS-grad,9,Separated,Sales,Husband,Asian-Pac-Islander,Male,3820,2507,32,Canada
[0.9995508193969727],1,27,State-gov,11th,15,Married-AF-spouse,Transport-moving,Wife,Other,Female,3820,1828,32,Canada
[0.8727651834487915],1,28,Federal-gov,Masters,4,Widowed,Farming-fishing,Own-child,Amer-Indian-Eskimo,Male,3103,1564,35,Canada
[1.0],1,30,Local-gov,9th,13,Never-married,Machine-op-inspct,Other-relative,Amer-Indian-Eskimo,Female,12099,1816,40,Canada
[0.019018620252609253],0,37,Self-emp-inc,Some-college,1,Married-spouse-absent,Tech-support,Husband,Black,Female,0,115,42,Canada
[1.0],1,89,Self-emp-not-inc,Assoc-acdm,9,Married-civ-spouse,Craft-repair,Unmarried,Amer-Indian-Eskimo,Male,12099,1587,65,Canada
[0.9976377487182617],1,22,Private,7th-8th,11,Married-spouse-absent,Protective-serv,Other-relative,Amer-Indian-Eskimo,Female,3820,1816,50,Canada
[0.9992831945419312],1,17,Without-pay,Doctorate,14,Separated,Armed-Forces,Not-in-family,Asian-Pac-Islander,Female,4386,1828,32,Canada
[0.9189611673355103],1,17,Local-gov,Assoc-voc,4,Married-AF-spouse,Priv-house-serv,Own-child,Black,Male,3103,1894,44,Canada
[0.9999697208404541],1,89,Private,Prof-school,11,Widowed,Adm-clerical,Other-relative,Other,Female,4386,2008,65,Canada
[0.9902178049087524],1,17,Local-gov,5th-6th,1,Never-married,Exec-managerial,Not-in-family,Amer-Indian-Eskimo,Male,3820,1828,65,Canada
[1.0],1,22,Self-emp-inc,10th,9,Married-spouse-absent,Handlers-cleaners,Wife,Other,Male,12099,2507,40,Canada
[0.9917717576026917],1,24,State-gov,Preschool,4,Separated,Prof-specialty,Own-child,Amer-Indian-Eskimo,Male,4386,1894,31,Canada
[1.0],1,30,Federal-gov,12th,11,Married-civ-spouse,Other-service,Unmarried,Other,Female,12099,1587,35,Canada
[0.9995241165161133],1,30,Private,1st-4th,11,Divorced,Sales,Own-child,Other,Male,4386,1564,42,Canada
[0.9998791217803955],1,37,Federal-gov,Bachelors,15,Divorced,Transport-moving,Not-in-family,Black,Female,4386,1587,40,Germany
[0.9730963706970215],1,27,Local-gov,HS-grad,1,Never-married,Farming-fishing,Wife,Asian-Pac-Islander,Male,3820,1816,42,Germany
[0.958588719367981],1,28,Without-pay,11th,9,Separated,Machine-op-inspct,Husband,Other,Male,3103,1828,35,Germany
[1.0],1,89,State-gov,Masters,13,Married-AF-spouse,Tech-support,Other-relative,Amer-Indian-Eskimo,Female,12099,115,50,Germany
[0.9993381500244141],1,24,Private,9th,14,Widowed,Craft-repair,Own-child,Asian-Pac-Islander,Male,3103,1564,65,Germany
[1.0],1,30,Self-emp-inc,Some-college,4,Married-civ-spouse,Protective-serv,Unmarried,Amer-Indian-Eskimo,Female,12099,2008,31,Germany
[0.9937586784362793],1,37,Self-emp-not-inc,Assoc-acdm,11,Married-spouse-absent,Armed-Forces,Other-relative,Black,Male,3103,2507,32,Germany
[0.9287521839141846],1,17,Local-gov,7th-8th,4,Never-married,Priv-house-serv,Other-relative,Amer-Indian-Eskimo,Male,4386,1587,44,Germany
[1.0],1,22,Private,Doctorate,15,Married-AF-spouse,Adm-clerical,Wife,Black,Female,12099,1894,40,Germany
[1.0],1,28,Without-pay,Assoc-voc,4,Married-AF-spouse,Exec-managerial,Unmarried,Black,Female,12099,1828,31,Germany
[0.5590300559997559],1,89,Private,Prof-school,15,Married-AF-spouse,Handlers-cleaners,Not-in-family,Asian-Pac-Islander,Female,0,115,50,Germany
[1.0],1,30,Private,5th-6th,1,Separated,Prof-specialty,Not-in-family,Black,Male,12099,1587,50,Germany
[1.0],1,37,State-gov,10th,14,Married-civ-spouse,Other-service,Other-relative,Asian-Pac-Islander,Female,12099,2008,31,Germany
[0.9990290403366089],1,30,Without-pay,Preschool,9,Married-AF-spouse,Sales,Unmarried,Black,Female,4386,1587,42,Germany
[0.9998700618743896],1,37,Self-emp-not-inc,12th,13,Never-married,Transport-moving,Own-child,Black,Male,4386,1816,50,Germany
[0.9995055198669434],1,22,Self-emp-inc,1st-4th,15,Widowed,Farming-fishing,Not-in-family,Amer-Indian-Eskimo,Male,4386,1828,35,Germany
[0.85771644115448],1,24,Without-pay,Bachelors,1,Widowed,Machine-op-inspct,Not-in-family,Black,Female,4386,115,35,Iran
[0.9995683431625366],1,28,Federal-gov,HS-grad,9,Divorced,Tech-support,Wife,Asian-Pac-Islander,Male,3820,1564,42,Iran
[0.9993680119514465],1,89,Local-gov,11th,13,Never-married,Craft-repair,Own-child,Other,Male,3103,1587,65,Iran
[1.0],1,27,State-gov,Masters,14,Married-civ-spouse,Protective-serv,Unmarried,Amer-Indian-Eskimo,Male,12099,1816,31,Iran
[0.9994422197341919],1,30,Private,9th,15,Married-spouse-absent,Armed-Forces,Other-relative,Other,Male,4386,1828,32,Iran
[0.9932222366333008],1,37,Self-emp-inc,Some-college,11,Separated,Priv-house-serv,Husband,Other,Male,3103,2008,35,Iran
[0.975771427154541],1,17,Self-emp-not-inc,Assoc-acdm,4,Married-AF-spouse,Adm-clerical,Other-relative,Asian-Pac-Islander,Female,3820,2507,40,Iran
[1.0],1,22,Local-gov,7th-8th,14,Never-married,Exec-managerial,Not-in-family,Black,Male,12099,1894,44,Iran
[0.8331609964370728],1,89,Self-emp-inc,Doctorate,15,Married-AF-spouse,Handlers-cleaners,Wife,Black,Male,0,115,50,Iran
[0.995145857334137],1,28,Private,Assoc-voc,11,Never-married,Prof-specialty,Unmarried,Amer-Indian-Eskimo,Male,3103,1587,65,Iran
[1.0],1,37,Self-emp-not-inc,Prof-school,1,Divorced,Other-service,Not-in-family,Asian-Pac-Islander,Male,12099,1587,44,Iran
[0.9980325698852539],1,89,State-gov,5th-6th,4,Divorced,Sales,Husband,Asian-Pac-Islander,Female,3820,1564,50,Iran
[0.9865709543228149],1,17,Local-gov,10th,14,Separated,Transport-moving,Own-child,Black,Male,4386,115,32,Iran
[0.9061646461486816],1,17,Without-pay,Preschool,4,Married-AF-spouse,Farming-fishing,Husband,Black,Male,3103,2008,42,Iran
[1.0],1,30,Without-pay,12th,11,Married-AF-spouse,Machine-op-inspct,Not-in-family,Asian-Pac-Islander,Female,12099,1587,42,Iran
[0.7872558832168579],1,22,Self-emp-not-inc,1st-4th,1,Widowed,Tech-support,Husband,Other,Female,3103,1894,35,Iran
[0.987357497215271],1,24,Federal-gov,Bachelors,9,Divorced,Craft-repair,Not-in-family,Black,Female,3820,115,42,Philippines
[0.9999955892562866],1,27,Without-pay,HS-grad,13,Widowed,Protective-serv,Wife,Asian-Pac-Islander,Male,4386,1564,65,Philippines
[1.0],1,28,State-gov,11th,14,Never-married,Armed-Forces,Own-child,Other,Female,12099,1587,31,Philippines
[0.9996037483215332],1,89,Private,Masters,15,Married-civ-spouse,Priv-house-serv,Unmarried,Amer-Indian-Eskimo,Male,3103,1816,32,Philippines
[0.9163118600845337],1,17,Local-gov,9th,1,Married-spouse-absent,Adm-clerical,Other-relative,Black,Male,3820,1828,35,Philippines
[0.999414324760437],1,22,Self-emp-inc,Some-college,11,Separated,Exec-managerial,Husband,Amer-Indian-Eskimo,Male,3820,2008,40,Philippines
[1.0],1,30,Self-emp-not-inc,Assoc-acdm,4,Married-AF-spouse,Handlers-cleaners,Unmarried,Black,Male,12099,2507,44,Philippines
[0.9999994039535522],1,37,Federal-gov,7th-8th,15,Married-civ-spouse,Prof-specialty,Wife,Asian-Pac-Islander,Female,4386,1894,50,Philippines
[0.3337748646736145],0,28,Without-pay,Doctorate,14,Married-civ-spouse,Other-service,Husband,Other,Female,0,115,42,Philippines
[0.9987789392471313],1,28,Private,Assoc-voc,9,Married-civ-spouse,Sales,Husband,Other,Female,3103,2008,44,Philippines
[0.9965294599533081],1,17,Self-emp-not-inc,Prof-school,1,Widowed,Transport-moving,Wife,Asian-Pac-Islander,Male,3820,2008,35,Philippines
[0.9997422695159912],1,89,State-gov,5th-6th,11,Widowed,Farming-fishing,Husband,Asian-Pac-Islander,Male,4386,1828,31,Philippines
[0.9694297313690186],1,17,Local-gov,10th,1,Divorced,Machine-op-inspct,Wife,Asian-Pac-Islander,Male,3820,1564,35,Philippines
[1.0],1,27,Federal-gov,Preschool,15,Never-married,Tech-support,Other-relative,Other,Female,12099,1828,40,Philippines
[0.9943147897720337],1,28,Self-emp-inc,12th,1,Separated,Craft-repair,Unmarried,Amer-Indian-Eskimo,Male,3820,1587,65,Philippines
[0.9964343309402466],1,22,Private,1st-4th,1,Divorced,Protective-serv,Husband,Black,Female,4386,2507,40,Philippines
[0.9783254265785217],1,89,Federal-gov,Bachelors,9,Widowed,Armed-Forces,Not-in-family,Black,Female,3103,115,42,Poland
[0.9999740123748779],1,24,Without-pay,HS-grad,13,Divorced,Priv-house-serv,Wife,Asian-Pac-Islander,Male,4386,1564,65,Poland
[0.993617832660675],1,27,State-gov,11th,14,Married-spouse-absent,Adm-clerical,Own-child,Other,Female,3820,1587,31,Poland
[1.0],1,28,Private,Masters,15,Separated,Exec-managerial,Unmarried,Amer-Indian-Eskimo,Female,12099,1816,32,Poland
[0.9623023271560669],1,30,Local-gov,9th,1,Married-AF-spouse,Handlers-cleaners,Other-relative,Asian-Pac-Islander,Male,3820,1828,35,Poland
[1.0],1,37,Self-emp-inc,Some-college,11,Never-married,Prof-specialty,Husband,Other,Female,12099,2008,40,Poland
[0.9933658838272095],1,17,Self-emp-not-inc,Assoc-acdm,4,Married-civ-spouse,Other-service,Unmarried,Amer-Indian-Eskimo,Female,4386,2507,44,Poland
[0.9988710880279541],1,22,Local-gov,7th-8th,9,Widowed,Sales,Own-child,Black,Male,3820,1894,50,Poland
[0.12150877714157104],0,89,State-gov,Doctorate,9,Married-AF-spouse,Transport-moving,Husband,Other,Male,0,115,35,Poland
[1.0],1,27,Federal-gov,Assoc-voc,9,Widowed,Farming-fishing,Own-child,Black,Female,12099,2008,32,Poland
[0.9997823238372803],1,24,Federal-gov,Prof-school,13,Married-AF-spouse,Machine-op-inspct,Husband,Asian-Pac-Islander,Male,4386,1816,32,Poland
[0.9987953305244446],1,37,State-gov,5th-6th,11,Never-married,Tech-support,Other-relative,Amer-Indian-Eskimo,Male,3820,2008,50,Poland
[0.15028777718544006],0,89,Self-emp-inc,10th,15,Widowed,Craft-repair,Other-relative,Black,Female,0,115,35,Poland
[0.9994392991065979],1,28,Self-emp-not-inc,Preschool,1,Widowed,Protective-serv,Wife,Asian-Pac-Islander,Male,4386,2507,31,Poland
[0.9946188926696777],1,27,State-gov,12th,4,Married-spouse-absent,Armed-Forces,Not-in-family,Black,Male,3820,1894,42,Poland
[0.9539468288421631],1,24,Self-emp-not-inc,1st-4th,4,Separated,Priv-house-serv,Husband,Asian-Pac-Islander,Female,3820,1564,32,Poland
[0.017512530088424683],0,24,Federal-gov,Bachelors,9,Divorced,Adm-clerical,Not-in-family,Black,Female,0,115,42,Columbia
[0.9999948740005493],1,27,Without-pay,HS-grad,13,Widowed,Exec-managerial,Wife,Asian-Pac-Islander,Male,4386,1564,65,Columbia
[0.9502503871917725],1,28,State-gov,11th,14,Never-married,Handlers-cleaners,Own-child,Other,Female,3820,1587,31,Columbia
[0.9996843934059143],1,89,Private,Masters,15,Married-civ-spouse,Prof-specialty,Unmarried,Amer-Indian-Eskimo,Male,3103,1816,32,Columbia
[1.0],1,17,Local-gov,9th,1,Married-spouse-absent,Other-service,Other-relative,Black,Female,12099,1828,35,Columbia
[0.9992897510528564],1,22,Self-emp-inc,Some-college,11,Separated,Sales,Husband,Amer-Indian-Eskimo,Male,4386,2008,40,Columbia
[1.0],1,30,Self-emp-not-inc,Assoc-acdm,4,Married-AF-spouse,Transport-moving,Own-child,Amer-Indian-Eskimo,Male,12099,2507,44,Columbia
[0.9999352097511292],1,37,Self-emp-not-inc,7th-8th,13,Separated,Farming-fishing,Wife,Asian-Pac-Islander,Female,4386,1894,50,Columbia
[0.9995299577713013],1,17,Private,Doctorate,9,Married-civ-spouse,Machine-op-inspct,Not-in-family,Other,Male,4386,1894,42,Columbia
[0.9998853206634521],1,28,Self-emp-not-inc,Assoc-voc,14,Married-spouse-absent,Tech-support,Not-in-family,Black,Male,4386,1564,42,Columbia
[0.9996622800827026],1,17,Private,Prof-school,14,Married-spouse-absent,Craft-repair,Wife,Asian-Pac-Islander,Male,3820,2507,31,Columbia
[0.9675262570381165],1,24,State-gov,5th-6th,1,Divorced,Protective-serv,Own-child,Other,Male,3820,2008,42,Columbia
[0.9983402490615845],1,17,Self-emp-inc,10th,13,Married-civ-spouse,Armed-Forces,Other-relative,Asian-Pac-Islander,Male,3103,2008,42,Columbia
[0.9989164471626282],1,30,State-gov,Preschool,14,Married-spouse-absent,Priv-house-serv,Not-in-family,Black,Male,3820,1816,35,Columbia
[0.9843540191650391],1,28,Local-gov,12th,14,Never-married,Adm-clerical,Wife,Amer-Indian-Eskimo,Female,3103,1828,32,Columbia
[0.9963153600692749],1,30,State-gov,1st-4th,13,Never-married,Exec-managerial,Unmarried,Amer-Indian-Eskimo,Male,3820,1894,35,Columbia
[0.04831847548484802],0,89,Federal-gov,Bachelors,9,Widowed,Handlers-cleaners,Not-in-family,Black,Female,0,115,42,Cambodia
[0.9999940395355225],1,24,Without-pay,HS-grad,13,Divorced,Prof-specialty,Wife,Asian-Pac-Islander,Male,4386,1564,65,Cambodia
[0.9956398606300354],1,27,State-gov,11th,14,Married-spouse-absent,Other-service,Own-child,Other,Male,3820,1587,31,Cambodia
[0.9951616525650024],1,28,Private,Masters,15,Separated,Sales,Unmarried,Amer-Indian-Eskimo,Male,3103,1816,32,Cambodia
[1.0],1,30,Local-gov,9th,1,Married-AF-spouse,Transport-moving,Other-relative,Other,Male,12099,1828,35,Cambodia
[0.9972071647644043],1,37,Self-emp-inc,Some-college,11,Never-married,Farming-fishing,Husband,Black,Female,3820,2008,40,Cambodia
[1.0],1,17,Self-emp-not-inc,Assoc-acdm,4,Married-civ-spouse,Machine-op-inspct,Other-relative,Black,Male,12099,2507,44,Cambodia
[0.9994242191314697],1,22,Without-pay,7th-8th,9,Married-AF-spouse,Tech-support,Husband,Black,Male,3820,1894,50,Cambodia
[0.9996651411056519],1,27,Private,Doctorate,14,Married-civ-spouse,Craft-repair,Unmarried,Black,Male,4386,115,35,Cambodia
[0.9836159348487854],1,17,Local-gov,Assoc-voc,9,Separated,Protective-serv,Other-relative,Amer-Indian-Eskimo,Male,3820,1894,32,Cambodia
[0.9989244937896729],1,37,Self-emp-inc,Prof-school,1,Separated,Armed-Forces,Husband,Asian-Pac-Islander,Male,3103,1828,65,Cambodia
[0.9993959665298462],1,27,Private,5th-6th,15,Widowed,Priv-house-serv,Own-child,Asian-Pac-Islander,Female,3820,1828,44,Cambodia
[0.8412845134735107],1,37,Self-emp-not-inc,10th,1,Widowed,Adm-clerical,Own-child,Asian-Pac-Islander,Female,3103,115,44,Cambodia
[0.9998760223388672],1,27,Private,Preschool,9,Married-AF-spouse,Exec-managerial,Wife,Asian-Pac-Islander,Female,4386,1587,32,Cambodia
[0.999264121055603],1,24,Self-emp-not-inc,12th,13,Married-spouse-absent,Exec-managerial,Not-in-family,Asian-Pac-Islander,Female,3103,1816,40,Cambodia
[0.9985542297363281],1,17,Self-emp-inc,1st-4th,4,Married-AF-spouse,Exec-managerial,Own-child,Other,Female,4386,1816,50,Cambodia
[0.01079791784286499],0,24,Federal-gov,Bachelors,9,Divorced,Handlers-cleaners,Not-in-family,Black,Female,0,115,42,Thailand
[0.9999948740005493],1,27,Without-pay,HS-grad,13,Widowed,Prof-specialty,Wife,Asian-Pac-Islander,Male,4386,1564,65,Thailand
[0.9712300300598145],1,28,State-gov,11th,14,Never-married,Other-service,Own-child,Other,Female,3820,1587,31,Thailand
[0.9997012615203857],1,89,Private,Masters,15,Married-civ-spouse,Sales,Unmarried,Amer-Indian-Eskimo,Male,3103,1816,32,Thailand
[1.0],1,17,Local-gov,9th,1,Married-spouse-absent,Transport-moving,Other-relative,Asian-Pac-Islander,Female,12099,1828,35,Thailand
[1.0],1,22,Self-emp-inc,Some-college,11,Separated,Farming-fishing,Husband,Black,Female,12099,2008,40,Thailand
[1.0],1,30,Self-emp-not-inc,Assoc-acdm,4,Married-AF-spouse,Machine-op-inspct,Husband,Black,Male,12099,2507,44,Thailand
[0.9999809265136719],1,37,Self-emp-not-inc,7th-8th,11,Widowed,Tech-support,Wife,Asian-Pac-Islander,Female,4386,1894,50,Thailand
[0.35050275921821594],0,27,Self-emp-inc,Doctorate,14,Married-AF-spouse,Craft-repair,Wife,Other,Male,0,115,32,Thailand
[1.0],1,17,Private,Assoc-voc,14,Married-AF-spouse,Protective-serv,Other-relative,Black,Male,12099,1828,32,Thailand
[1.0],1,17,Self-emp-not-inc,Prof-school,15,Divorced,Armed-Forces,Husband,Amer-Indian-Eskimo,Male,12099,115,35,Thailand
[1.0],1,30,Without-pay,5th-6th,4,Separated,Priv-house-serv,Own-child,Asian-Pac-Islander,Female,12099,1816,35,Thailand
[0.9990402460098267],1,28,Without-pay,10th,14,Divorced,Adm-clerical,Husband,Asian-Pac-Islander,Male,3820,1828,35,Thailand
[0.9971644878387451],1,30,Without-pay,Preschool,1,Separated,Exec-managerial,Husband,Asian-Pac-Islander,Male,3103,1894,65,Thailand
[0.9998024702072144],1,89,Federal-gov,12th,9,Never-married,Prof-specialty,Wife,Amer-Indian-Eskimo,Male,3820,2008,40,Thailand
[0.6452658176422119],1,24,Self-emp-inc,1st-4th,1,Widowed,Craft-repair,Unmarried,Other,Female,3820,115,42,Thailand
[0.030711472034454346],0,89,Federal-gov,Bachelors,9,Widowed,Handlers-cleaners,Not-in-family,Black,Female,0,115,42,Ecuador
[0.9999896287918091],1,24,Without-pay,HS-grad,13,Divorced,Prof-specialty,Wife,Asian-Pac-Islander,Male,4386,1564,65,Ecuador
[0.9923375844955444],1,27,State-gov,11th,14,Married-spouse-absent,Other-service,Own-child,Other,Male,3820,1587,31,Ecuador
[0.9915001392364502],1,28,Private,Masters,15,Separated,Sales,Unmarried,Amer-Indian-Eskimo,Male,3103,1816,32,Ecuador
[1.0],1,30,Local-gov,9th,1,Married-AF-spouse,Transport-moving,Other-relative,Asian-Pac-Islander,Male,12099,1828,35,Ecuador
[0.9928567409515381],1,37,Self-emp-inc,Some-college,11,Never-married,Farming-fishing,Husband,Amer-Indian-Eskimo,Female,3820,2008,40,Ecuador
[0.9948151111602783],1,17,Self-emp-not-inc,Assoc-acdm,4,Married-civ-spouse,Machine-op-inspct,Own-child,Amer-Indian-Eskimo,Female,4386,2507,44,Ecuador
[0.5963448286056519],1,22,Self-emp-inc,7th-8th,1,Never-married,Tech-support,Unmarried,Other,Female,3103,1894,50,Ecuador
[0.996899425983429],1,28,Without-pay,Doctorate,14,Married-spouse-absent,Craft-repair,Own-child,Other,Female,3103,2507,44,Ecuador
[0.9916606545448303],1,30,Without-pay,Assoc-voc,13,Separated,Protective-serv,Unmarried,Black,Male,3103,1564,40,Ecuador
[0.9884092807769775],1,24,State-gov,Prof-school,11,Separated,Armed-Forces,Own-child,Asian-Pac-Islander,Female,3820,115,44,Ecuador
[0.7265450358390808],1,28,Self-emp-inc,5th-6th,13,Never-married,Priv-house-serv,Own-child,Amer-Indian-Eskimo,Female,3103,115,35,Ecuador
[0.6421838402748108],1,17,State-gov,10th,1,Married-spouse-absent,Adm-clerical,Unmarried,Other,Female,4386,1564,31,Ecuador
[0.9997851848602295],1,30,Local-gov,Preschool,11,Married-civ-spouse,Exec-managerial,Own-child,Black,Female,3103,2507,50,Ecuador
[0.9967973232269287],1,28,Without-pay,12th,1,Married-civ-spouse,Priv-house-serv,Not-in-family,Other,Male,4386,1564,42,Ecuador
[1.0],1,30,Self-emp-inc,1st-4th,9,Never-married,Other-service,Other-relative,Other,Male,12099,2008,32,Ecuador
[0.010822474956512451],0,24,Federal-gov,Bachelors,9,Divorced,Handlers-cleaners,Not-in-family,Black,Female,0,115,42,Laos
[0.9999949336051941],1,27,Without-pay,HS-grad,13,Widowed,Prof-specialty,Wife,Asian-Pac-Islander,Male,4386,1564,65,Laos
[0.9712943434715271],1,28,State-gov,11th,14,Never-married,Other-service,Own-child,Other,Female,3820,1587,31,Laos
[0.9994369745254517],1,89,Private,Masters,15,Married-civ-spouse,Sales,Unmarried,Amer-Indian-Eskimo,Female,3103,1816,32,Laos
[1.0],1,17,Local-gov,9th,1,Married-spouse-absent,Transport-moving,Other-relative,Other,Female,12099,1828,35,Laos
[0.9852913022041321],1,22,Self-emp-inc,Some-college,11,Separated,Farming-fishing,Husband,Black,Male,3103,2008,40,Laos
[1.0],1,30,Self-emp-not-inc,Assoc-acdm,4,Married-AF-spouse,Machine-op-inspct,Own-child,Asian-Pac-Islander,Male,12099,2507,44,Laos
[1.0],1,37,Self-emp-not-inc,7th-8th,1,Married-spouse-absent,Tech-support,Wife,Black,Female,12099,1894,50,Laos
[0.6207772493362427],1,28,Local-gov,Doctorate,14,Married-spouse-absent,Craft-repair,Wife,Black,Male,0,115,50,Laos
[0.9983564615249634],1,22,Federal-gov,Assoc-voc,14,Married-civ-spouse,Protective-serv,Unmarried,Other,Male,3103,1587,42,Laos
[0.002770841121673584],0,17,Without-pay,Prof-school,1,Widowed,Armed-Forces,Other-relative,Black,Female,0,115,40,Laos
[0.9150228500366211],1,37,Federal-gov,5th-6th,4,Married-AF-spouse,Priv-house-serv,Other-relative,Other,Female,3103,1894,32,Laos
[0.9985238313674927],1,89,Without-pay,10th,14,Divorced,Adm-clerical,Other-relative,Asian-Pac-Islander,Male,3820,115,40,Laos
[0.9990362524986267],1,28,Local-gov,Preschool,9,Married-spouse-absent,Exec-managerial,Other-relative,Black,Female,4386,1828,35,Laos
[1.0],1,27,Self-emp-not-inc,12th,13,Divorced,Tech-support,Unmarried,Other,Female,12099,1587,44,Laos
[0.9575494527816772],1,17,Private,1st-4th,11,Married-spouse-absent,Handlers-cleaners,Wife,Black,Female,3103,1587,35,Laos
[0.037923961877822876],0,89,Federal-gov,Bachelors,9,Widowed,Handlers-cleaners,Not-in-family,Black,Female,0,115,42,Taiwan
[0.9999923706054688],1,24,Without-pay,HS-grad,13,Divorced,Prof-specialty,Wife,Asian-Pac-Islander,Male,4386,1564,65,Taiwan
[0.9944143891334534],1,27,State-gov,11th,14,Married-spouse-absent,Other-service,Own-child,Other,Male,3820,1587,31,Taiwan
[0.989261269569397],1,28,Private,Masters,15,Separated,Sales,Unmarried,Amer-Indian-Eskimo,Female,3103,1816,32,Taiwan
[1.0],1,30,Local-gov,9th,1,Married-AF-spouse,Transport-moving,Other-relative,Other,Female,12099,1828,35,Taiwan
[1.0],1,37,Self-emp-inc,Some-college,11,Never-married,Farming-fishing,Husband,Amer-Indian-Eskimo,Female,12099,2008,40,Taiwan
[1.0],1,17,Self-emp-not-inc,Assoc-acdm,4,Married-civ-spouse,Machine-op-inspct,Wife,Black,Female,12099,2507,44,Taiwan
[0.9997032880783081],1,22,Private,7th-8th,9,Divorced,Tech-support,Not-in-family,Black,Male,4386,1894,50,Taiwan
[0.9873943328857422],1,17,State-gov,Doctorate,9,Married-AF-spouse,Craft-repair,Unmarried,Black,Male,3820,1587,32,Taiwan
[0.9938269853591919],1,28,Private,Assoc-voc,4,Divorced,Protective-serv,Husband,Other,Male,3820,115,65,Taiwan
[0.9997628331184387],1,37,Self-emp-not-inc,Prof-school,14,Married-spouse-absent,Armed-Forces,Unmarried,Asian-Pac-Islander,Female,4386,1587,31,Taiwan
[0.9794867634773254],1,89,Self-emp-inc,5th-6th,11,Married-AF-spouse,Priv-house-serv,Husband,Black,Female,3103,115,32,Taiwan
[0.9951631426811218],1,89,Federal-gov,10th,1,Never-married,Adm-clerical,Wife,Amer-Indian-Eskimo,Male,3820,1816,40,Taiwan
[0.9999132752418518],1,24,Self-emp-not-inc,Preschool,14,Married-spouse-absent,Exec-managerial,Husband,Asian-Pac-Islander,Male,4386,1828,31,Taiwan
[0.9999591112136841],1,22,Self-emp-not-inc,12th,15,Separated,Priv-house-serv,Not-in-family,Other,Male,4386,2008,65,Taiwan
[1.0],1,17,Federal-gov,1st-4th,13,Married-spouse-absent,Farming-fishing,Not-in-family,Amer-Indian-Eskimo,Female,12099,1587,42,Taiwan
[0.010930061340332031],0,24,Federal-gov,Bachelors,9,Divorced,Handlers-cleaners,Not-in-family,Black,Female,0,115,42,Haiti
[0.9999948740005493],1,27,Without-pay,HS-grad,13,Widowed,Prof-specialty,Wife,Asian-Pac-Islander,Male,4386,1564,65,Haiti
[0.9834686517715454],1,28,State-gov,11th,14,Never-married,Other-service,Own-child,Other,Male,3820,1587,31,Haiti
[0.9997046589851379],1,89,Private,Masters,15,Married-civ-spouse,Sales,Unmarried,Amer-Indian-Eskimo,Male,3103,1816,32,Haiti
[1.0],1,17,Local-gov,9th,1,Married-spouse-absent,Transport-moving,Other-relative,Amer-Indian-Eskimo,Female,12099,1828,35,Haiti
[1.0],1,22,Self-emp-inc,Some-college,11,Separated,Farming-fishing,Husband,Black,Male,12099,2008,40,Haiti
[1.0],1,30,Self-emp-not-inc,Assoc-acdm,4,Married-AF-spouse,Machine-op-inspct,Husband,Asian-Pac-Islander,Female,12099,2507,44,Haiti
[1.0],1,37,Without-pay,7th-8th,9,Married-AF-spouse,Tech-support,Husband,Other,Male,12099,1894,50,Haiti
[0.9918527603149414],1,22,Without-pay,Doctorate,1,Married-AF-spouse,Craft-repair,Husband,Asian-Pac-Islander,Male,3820,1894,42,Haiti
[0.9999302625656128],1,22,Without-pay,Assoc-voc,4,Married-civ-spouse,Protective-serv,Unmarried,Asian-Pac-Islander,Male,4386,2507,65,Haiti
[0.9961762428283691],1,24,Without-pay,Prof-school,13,Never-married,Armed-Forces,Own-child,Asian-Pac-Islander,Male,3103,1816,50,Haiti
[0.998752236366272],1,28,Federal-gov,5th-6th,15,Married-civ-spouse,Priv-house-serv,Other-relative,Black,Female,3820,115,44,Haiti
[0.9609344601631165],1,24,State-gov,10th,4,Divorced,Adm-clerical,Not-in-family,Black,Male,3820,1587,31,Haiti
[0.9988306760787964],1,22,Self-emp-inc,Preschool,4,Married-civ-spouse,Exec-managerial,Not-in-family,Amer-Indian-Eskimo,Female,4386,1564,31,Haiti
[0.9995624423027039],1,22,State-gov,12th,14,Married-AF-spouse,Adm-clerical,Not-in-family,Black,Male,3820,1894,42,Haiti
[0.7978310585021973],1,24,Private,1st-4th,1,Divorced,Farming-fishing,Unmarried,Asian-Pac-Islander,Male,4386,115,32,Haiti
[0.049243271350860596],0,89,Federal-gov,Bachelors,9,Widowed,Handlers-cleaners,Not-in-family,Black,Female,0,115,42,Portugal
[0.9999948143959045],1,24,Without-pay,HS-grad,13,Divorced,Prof-specialty,Wife,Asian-Pac-Islander,Male,4386,1564,65,Portugal
[0.9961801767349243],1,27,State-gov,11th,14,Married-spouse-absent,Other-service,Own-child,Other,Male,3820,1587,31,Portugal
[0.995760977268219],1,28,Private,Masters,15,Separated,Sales,Unmarried,Amer-Indian-Eskimo,Male,3103,1816,32,Portugal
[1.0],1,30,Local-gov,9th,1,Married-AF-spouse,Transport-moving,Other-relative,Other,Female,12099,1828,35,Portugal
[0.9850988388061523],1,37,Self-emp-inc,Some-college,11,Never-married,Farming-fishing,Husband,Amer-Indian-Eskimo,Female,3103,2008,40,Portugal
[0.9943523406982422],1,17,Self-emp-not-inc,Assoc-acdm,4,Married-civ-spouse,Machine-op-inspct,Other-relative,Amer-Indian-Eskimo,Male,3820,2507,44,Portugal
[0.9990086555480957],1,22,Self-emp-not-inc,7th-8th,9,Married-AF-spouse,Tech-support,Unmarried,Amer-Indian-Eskimo,Male,3820,1894,50,Portugal
[1.0],1,28,Local-gov,Doctorate,4,Married-AF-spouse,Craft-repair,Unmarried,Other,Male,12099,2008,65,Portugal
[1.0],1,37,Self-emp-not-inc,Assoc-voc,9,Separated,Protective-serv,Wife,Black,Female,12099,1816,35,Portugal
[1.0],1,37,Private,Prof-school,14,Divorced,Armed-Forces,Other-relative,Asian-Pac-Islander,Male,12099,2008,50,Portugal
[1.0],1,27,State-gov,5th-6th,14,Never-married,Priv-house-serv,Husband,Black,Male,12099,2507,42,Portugal
[0.9998133182525635],1,89,Federal-gov,10th,13,Married-spouse-absent,Adm-clerical,Not-in-family,Amer-Indian-Eskimo,Male,3103,1828,65,Portugal
[1.0],1,17,State-gov,Preschool,13,Separated,Exec-managerial,Wife,Asian-Pac-Islander,Male,12099,1564,42,Portugal
[0.9996607303619385],1,27,State-gov,12th,14,Divorced,Machine-op-inspct,Wife,Asian-Pac-Islander,Female,3820,1894,35,Portugal
[0.9999831914901733],1,37,Self-emp-inc,1st-4th,14,Married-AF-spouse,Machine-op-inspct,Husband,Amer-Indian-Eskimo,Female,4386,1587,65,Portugal
[0.01083362102508545],0,24,Federal-gov,Bachelors,9,Divorced,Handlers-cleaners,Not-in-family,Black,Female,0,115,42,Dominican-Republic
[0.9999948740005493],1,27,Without-pay,HS-grad,13,Widowed,Prof-specialty,Wife,Asian-Pac-Islander,Male,4386,1564,65,Dominican-Republic
[0.9713232517242432],1,28,State-gov,11th,14,Never-married,Other-service,Own-child,Other,Female,3820,1587,31,Dominican-Republic
[0.9997022151947021],1,89,Private,Masters,15,Married-civ-spouse,Sales,Unmarried,Amer-Indian-Eskimo,Male,3103,1816,32,Dominican-Republic
[1.0],1,17,Local-gov,9th,1,Married-spouse-absent,Transport-moving,Other-relative,Amer-Indian-Eskimo,Male,12099,1828,35,Dominican-Republic
[0.9988739490509033],1,22,Self-emp-inc,Some-college,11,Separated,Farming-fishing,Husband,Black,Male,4386,2008,40,Dominican-Republic
[1.0],1,30,Self-emp-not-inc,Assoc-acdm,4,Married-AF-spouse,Machine-op-inspct,Other-relative,Asian-Pac-Islander,Female,12099,2507,44,Dominican-Republic
[0.9998617768287659],1,37,Self-emp-inc,7th-8th,13,Separated,Tech-support,Not-in-family,Black,Female,3820,1894,50,Dominican-Republic
[0.9763360023498535],1,24,Private,Doctorate,15,Married-spouse-absent,Craft-repair,Unmarried,Asian-Pac-Islander,Female,3103,115,40,Dominican-Republic
[0.9999217987060547],1,89,Self-emp-inc,Assoc-voc,4,Married-spouse-absent,Protective-serv,Not-in-family,Black,Female,4386,2507,65,Dominican-Republic
[1.0],1,37,Local-gov,Prof-school,9,Married-AF-spouse,Armed-Forces,Not-in-family,Amer-Indian-Eskimo,Female,12099,1564,31,Dominican-Republic
[0.9999337196350098],1,89,State-gov,5th-6th,15,Widowed,Priv-house-serv,Unmarried,Asian-Pac-Islander,Male,4386,1564,42,Dominican-Republic
[1.0],1,22,Without-pay,10th,11,Never-married,Adm-clerical,Unmarried,Other,Male,12099,1564,32,Dominican-Republic
[0.996140718460083],1,89,Self-emp-not-inc,Preschool,1,Married-spouse-absent,Exec-managerial,Not-in-family,Other,Male,3820,1894,42,Dominican-Republic
[0.999914288520813],1,89,Local-gov,12th,14,Married-spouse-absent,Transport-moving,Other-relative,Black,Female,4386,1828,50,Dominican-Republic
[0.9983381032943726],1,24,State-gov,1st-4th,14,Married-AF-spouse,Other-service,Other-relative,Amer-Indian-Eskimo,Male,3820,1894,44,Dominican-Republic
[0.03792724013328552],0,89,Federal-gov,Bachelors,9,Widowed,Handlers-cleaners,Not-in-family,Black,Female,0,115,42,El-Salvador
[0.9999923706054688],1,24,Without-pay,HS-grad,13,Divorced,Prof-specialty,Wife,Asian-Pac-Islander,Male,4386,1564,65,El-Salvador
[0.9943971633911133],1,27,State-gov,11th,14,Married-spouse-absent,Other-service,Own-child,Other,Male,3820,1587,31,El-Salvador
[0.9937832951545715],1,28,Private,Masters,15,Separated,Sales,Unmarried,Amer-Indian-Eskimo,Male,3103,1816,32,El-Salvador
[1.0],1,30,Local-gov,9th,1,Married-AF-spouse,Transport-moving,Other-relative,Black,Female,12099,1828,35,El-Salvador
[1.0],1,37,Self-emp-inc,Some-college,11,Never-married,Farming-fishing,Husband,Amer-Indian-Eskimo,Male,12099,2008,40,El-Salvador
[0.9917774796485901],1,17,Self-emp-not-inc,Assoc-acdm,4,Married-civ-spouse,Machine-op-inspct,Wife,Black,Female,3103,2507,44,El-Salvador
[0.9985814094543457],1,22,Self-emp-inc,7th-8th,14,Widowed,Tech-support,Own-child,Amer-Indian-Eskimo,Male,3103,1894,50,El-Salvador
[0.9429010152816772],1,24,Without-pay,Doctorate,4,Married-spouse-absent,Craft-repair,Husband,Black,Male,3103,2008,31,El-Salvador
[0.999665379524231],1,30,Federal-gov,Assoc-voc,13,Divorced,Protective-serv,Own-child,Black,Male,3820,1816,44,El-Salvador
[1.0],1,17,State-gov,Prof-school,9,Married-civ-spouse,Armed-Forces,Wife,Black,Female,12099,1564,32,El-Salvador
[1.0],1,37,Self-emp-inc,5th-6th,9,Widowed,Priv-house-serv,Husband,Asian-Pac-Islander,Male,12099,2507,32,El-Salvador
[1.0],1,22,Self-emp-inc,10th,1,Married-AF-spouse,Adm-clerical,Husband,Black,Female,12099,1816,31,El-Salvador
[0.9998527765274048],1,22,Federal-gov,Preschool,9,Widowed,Exec-managerial,Not-in-family,Amer-Indian-Eskimo,Male,3820,2008,65,El-Salvador
[0.9982782602310181],1,22,Self-emp-inc,12th,14,Never-married,Craft-repair,Unmarried,Asian-Pac-Islander,Male,4386,2008,32,El-Salvador
[0.0071434080600738525],0,22,Self-emp-inc,1st-4th,1,Widowed,Transport-moving,Other-relative,Asian-Pac-Islander,Male,0,115,50,El-Salvador
[0.010842055082321167],0,24,Federal-gov,Bachelors,9,Divorced,Handlers-cleaners,Not-in-family,Black,Female,0,115,42,France
[0.9999949336051941],1,27,Without-pay,HS-grad,13,Widowed,Prof-specialty,Wife,Asian-Pac-Islander,Male,4386,1564,65,France
[0.9713453054428101],1,28,State-gov,11th,14,Never-married,Other-service,Own-child,Other,Female,3820,1587,31,France
[0.9997019171714783],1,89,Private,Masters,15,Married-civ-spouse,Sales,Unmarried,Amer-Indian-Eskimo,Male,3103,1816,32,France
[1.0],1,17,Local-gov,9th,1,Married-spouse-absent,Transport-moving,Other-relative,Amer-Indian-Eskimo,Male,12099,1828,35,France
[0.9853177666664124],1,22,Self-emp-inc,Some-college,11,Separated,Farming-fishing,Husband,Black,Male,3103,2008,40,France
[1.0],1,30,Self-emp-not-inc,Assoc-acdm,4,Married-AF-spouse,Machine-op-inspct,Not-in-family,Asian-Pac-Islander,Male,12099,2507,44,France
[0.9999592304229736],1,37,Self-emp-inc,7th-8th,14,Married-spouse-absent,Tech-support,Unmarried,Amer-Indian-Eskimo,Male,4386,1894,50,France
[0.9985913634300232],1,24,State-gov,Doctorate,9,Never-married,Craft-repair,Own-child,Asian-Pac-Islander,Female,4386,2008,50,France
[1.0],1,17,Self-emp-not-inc,Assoc-voc,1,Widowed,Protective-serv,Own-child,Other,Female,12099,1816,50,France
[0.9308215379714966],1,22,Without-pay,Prof-school,9,Never-married,Armed-Forces,Unmarried,Amer-Indian-Eskimo,Female,3820,1564,35,France
[0.9998711347579956],1,22,Self-emp-inc,5th-6th,13,Never-married,Priv-house-serv,Wife,Amer-Indian-Eskimo,Female,4386,2008,65,France
[0.996181309223175],1,27,Local-gov,10th,11,Divorced,Adm-clerical,Not-in-family,Asian-Pac-Islander,Male,3103,2507,35,France
[1.0],1,22,State-gov,Preschool,13,Divorced,Exec-managerial,Unmarried,Asian-Pac-Islander,Female,12099,1828,42,France
[1.0],1,17,Private,12th,15,Married-spouse-absent,Tech-support,Not-in-family,Amer-Indian-Eskimo,Female,12099,1587,50,France
[1.0],1,17,Self-emp-inc,1st-4th,15,Separated,Other-service,Husband,Other,Male,12099,1564,50,France
[0.03791418671607971],0,89,Federal-gov,Bachelors,9,Widowed,Handlers-cleaners,Not-in-family,Black,Female,0,115,42,Guatemala
[0.9999924302101135],1,24,Without-pay,HS-grad,13,Divorced,Prof-specialty,Wife,Asian-Pac-Islander,Male,4386,1564,65,Guatemala
[0.9943908452987671],1,27,State-gov,11th,14,Married-spouse-absent,Other-service,Own-child,Other,Male,3820,1587,31,Guatemala
[0.9892163872718811],1,28,Private,Masters,15,Separated,Sales,Unmarried,Amer-Indian-Eskimo,Female,3103,1816,32,Guatemala
[1.0],1,30,Local-gov,9th,1,Married-AF-spouse,Transport-moving,Other-relative,Asian-Pac-Islander,Male,12099,1828,35,Guatemala
[0.9892553091049194],1,37,Self-emp-inc,Some-college,11,Never-married,Farming-fishing,Husband,Asian-Pac-Islander,Female,3103,2008,40,Guatemala
[0.9973936080932617],1,17,Self-emp-not-inc,Assoc-acdm,4,Married-civ-spouse,Machine-op-inspct,Own-child,Black,Female,4386,2507,44,Guatemala
[0.9921165704727173],1,22,Federal-gov,7th-8th,4,Divorced,Tech-support,Own-child,Other,Male,3820,1894,50,Guatemala
[0.9997125267982483],1,30,Federal-gov,Doctorate,4,Married-spouse-absent,Craft-repair,Wife,Other,Male,4386,1816,50,Guatemala
[0.9843249320983887],1,24,Without-pay,Assoc-voc,4,Divorced,Protective-serv,Husband,Black,Male,3820,1816,32,Guatemala
[0.9952664971351624],1,27,Without-pay,Prof-school,11,Married-AF-spouse,Armed-Forces,Other-relative,Amer-Indian-Eskimo,Male,3103,1587,44,Guatemala
[1.0],1,24,Local-gov,5th-6th,4,Divorced,Priv-house-serv,Unmarried,Black,Male,12099,1894,65,Guatemala
[1.0],1,37,State-gov,10th,4,Never-married,Adm-clerical,Unmarried,Asian-Pac-Islander,Male,12099,1587,42,Guatemala
[1.0],1,89,Private,Preschool,1,Married-AF-spouse,Exec-managerial,Own-child,Amer-Indian-Eskimo,Male,12099,1816,40,Guatemala
[1.0],1,24,Self-emp-inc,12th,14,Married-civ-spouse,Tech-support,Unmarried,Black,Male,12099,1816,31,Guatemala
[1.0],1,30,Self-emp-not-inc,1st-4th,13,Married-civ-spouse,Protective-serv,Wife,Amer-Indian-Eskimo,Male,12099,115,31,Guatemala
[0.019080370664596558],0,24,Federal-gov,Bachelors,9,Divorced,Handlers-cleaners,Not-in-family,Black,Female,0,115,42,Italy
[0.9999971389770508],1,27,Without-pay,HS-grad,13,Widowed,Prof-specialty,Wife,Asian-Pac-Islander,Male,4386,1564,65,Italy
[0.990540623664856],1,28,State-gov,11th,14,Never-married,Other-service,Own-child,Other,Male,3820,1587,31,Italy
[0.9996827840805054],1,89,Private,Masters,15,Married-civ-spouse,Sales,Unmarried,Amer-Indian-Eskimo,Female,3103,1816,32,Italy
[1.0],1,17,Local-gov,9th,1,Married-spouse-absent,Transport-moving,Other-relative,Black,Male,12099,1828,35,Italy
[0.9990136623382568],1,22,Self-emp-inc,Some-college,11,Separated,Farming-fishing,Husband,Other,Male,4386,2008,40,Italy
[0.9980028867721558],1,30,Self-emp-not-inc,Assoc-acdm,4,Married-AF-spouse,Machine-op-inspct,Other-relative,Asian-Pac-Islander,Male,3820,2507,44,Italy
[1.0],1,37,Self-emp-not-inc,7th-8th,13,Married-AF-spouse,Tech-support,Other-relative,Asian-Pac-Islander,Female,12099,1894,50,Italy
[0.9999951720237732],1,30,Local-gov,Doctorate,14,Divorced,Craft-repair,Wife,Asian-Pac-Islander,Male,3820,1894,65,Italy
[0.9998871088027954],1,27,Self-emp-inc,Assoc-voc,13,Married-civ-spouse,Protective-serv,Other-relative,Black,Male,3103,1894,50,Italy
[0.12149930000305176],0,17,Self-emp-inc,Prof-school,14,Married-AF-spouse,Armed-Forces,Other-relative,Asian-Pac-Islander,Female,0,115,35,Italy
[1.0],1,28,Self-emp-not-inc,5th-6th,13,Married-spouse-absent,Priv-house-serv,Husband,Asian-Pac-Islander,Female,12099,115,44,Italy
[0.9998031854629517],1,22,Self-emp-not-inc,10th,14,Separated,Adm-clerical,Wife,Asian-Pac-Islander,Male,3820,1587,42,Italy
[0.9997695684432983],1,30,Local-gov,Preschool,11,Married-spouse-absent,Exec-managerial,Unmarried,Amer-Indian-Eskimo,Male,4386,1587,40,Italy
[0.9999871253967285],1,37,Local-gov,12th,15,Married-spouse-absent,Exec-managerial,Unmarried,Asian-Pac-Islander,Male,4386,1816,40,Italy
[1.0],1,27,Self-emp-not-inc,1st-4th,11,Never-married,Exec-managerial,Wife,Amer-Indian-Eskimo,Male,12099,1587,65,Italy
[0.036444902420043945],0,89,Federal-gov,Bachelors,9,Widowed,Handlers-cleaners,Not-in-family,Black,Female,0,115,42,China
[0.9999920129776001],1,24,Without-pay,HS-grad,13,Divorced,Prof-specialty,Wife,Asian-Pac-Islander,Male,4386,1564,65,China
[0.9941737651824951],1,27,State-gov,11th,14,Married-spouse-absent,Other-service,Own-child,Other,Male,3820,1587,31,China
[0.9888013601303101],1,28,Private,Masters,15,Separated,Sales,Unmarried,Amer-Indian-Eskimo,Female,3103,1816,32,China
[1.0],1,30,Local-gov,9th,1,Married-AF-spouse,Transport-moving,Other-relative,Black,Female,12099,1828,35,China
[0.9991476535797119],1,37,Self-emp-inc,Some-college,11,Never-married,Farming-fishing,Husband,Asian-Pac-Islander,Female,4386,2008,40,China
[1.0],1,17,Self-emp-not-inc,Assoc-acdm,4,Married-civ-spouse,Machine-op-inspct,Own-child,Other,Male,12099,2507,44,China
[0.9994534850120544],1,22,State-gov,7th-8th,13,Divorced,Tech-support,Wife,Black,Male,3103,1894,50,China
[1.0],1,17,Federal-gov,Doctorate,13,Married-AF-spouse,Craft-repair,Own-child,Black,Female,12099,1587,50,China
[0.9906482696533203],1,30,Self-emp-inc,Assoc-voc,1,Separated,Protective-serv,Other-relative,Asian-Pac-Islander,Male,3820,1587,44,China
[0.9933470487594604],1,27,Federal-gov,Prof-school,11,Married-spouse-absent,Armed-Forces,Other-relative,Black,Female,3103,2008,40,China
[0.9718348383903503],1,27,Without-pay,5th-6th,1,Divorced,Priv-house-serv,Own-child,Asian-Pac-Islander,Female,3103,2008,65,China
[0.9962097406387329],1,22,Federal-gov,10th,13,Widowed,Adm-clerical,Other-relative,Asian-Pac-Islander,Male,3820,1564,35,China
[0.9999532103538513],1,30,State-gov,Preschool,15,Married-AF-spouse,Exec-managerial,Husband,Black,Male,4386,1564,35,China
[1.0],1,27,State-gov,12th,4,Never-married,Priv-house-serv,Not-in-family,Black,Male,12099,1587,42,China
[0.9997540712356567],1,22,Self-emp-not-inc,1st-4th,14,Divorced,Adm-clerical,Own-child,Asian-Pac-Islander,Female,4386,2507,40,China
[0.011961907148361206],0,24,Federal-gov,Bachelors,9,Divorced,Handlers-cleaners,Not-in-family,Black,Female,0,115,42,South
[0.9999954700469971],1,27,Without-pay,HS-grad,13,Widowed,Prof-specialty,Wife,Asian-Pac-Islander,Male,4386,1564,65,South
[0.9739865660667419],1,28,State-gov,11th,14,Never-married,Other-service,Own-child,Other,Female,3820,1587,31,South
[0.9997684955596924],1,89,Private,Masters,15,Married-civ-spouse,Sales,Unmarried,Amer-Indian-Eskimo,Male,3103,1816,32,South
[1.0],1,17,Local-gov,9th,1,Married-spouse-absent,Transport-moving,Other-relative,Amer-Indian-Eskimo,Male,12099,1828,35,South
[0.9647608399391174],1,22,Self-emp-inc,Some-college,11,Separated,Farming-fishing,Husband,Other,Female,3103,2008,40,South
[0.9972301721572876],1,30,Self-emp-not-inc,Assoc-acdm,4,Married-AF-spouse,Machine-op-inspct,Not-in-family,Asian-Pac-Islander,Female,3820,2507,44,South
[0.9998250007629395],1,37,Self-emp-not-inc,7th-8th,9,Married-AF-spouse,Tech-support,Husband,Asian-Pac-Islander,Female,3820,1894,50,South
[0.9999790191650391],1,89,Self-emp-inc,Doctorate,13,Never-married,Craft-repair,Husband,Asian-Pac-Islander,Male,4386,2008,42,South
[0.9910913705825806],1,37,Self-emp-not-inc,Assoc-voc,4,Separated,Protective-serv,Own-child,Black,Male,3103,2507,40,South
[1.0],1,22,Without-pay,Prof-school,15,Divorced,Armed-Forces,Other-relative,Asian-Pac-Islander,Female,12099,2507,32,South
[0.9999433159828186],1,89,Self-emp-inc,5th-6th,13,Separated,Priv-house-serv,Wife,Other,Female,4386,2008,40,South
[1.0],1,28,Local-gov,10th,1,Divorced,Adm-clerical,Not-in-family,Black,Male,12099,1828,32,South
[0.9994950294494629],1,22,Private,Preschool,13,Married-AF-spouse,Exec-managerial,Husband,Other,Male,3820,1564,40,South
[0.3029950261116028],0,22,Without-pay,12th,1,Never-married,Machine-op-inspct,Husband,Other,Female,3103,1564,40,South
[0.9982755184173584],1,17,Self-emp-inc,1st-4th,15,Never-married,Craft-repair,Unmarried,Amer-Indian-Eskimo,Male,4386,1587,50,South
[0.038900941610336304],0,89,Federal-gov,Bachelors,9,Widowed,Handlers-cleaners,Not-in-family,Black,Female,0,115,42,Japan
[0.9999926090240479],1,24,Without-pay,HS-grad,13,Divorced,Prof-specialty,Wife,Asian-Pac-Islander,Male,4386,1564,65,Japan
[0.9905335903167725],1,27,State-gov,11th,14,Married-spouse-absent,Other-service,Own-child,Other,Female,3820,1587,31,Japan
[0.9939416646957397],1,28,Private,Masters,15,Separated,Sales,Unmarried,Amer-Indian-Eskimo,Male,3103,1816,32,Japan
[1.0],1,30,Local-gov,9th,1,Married-AF-spouse,Transport-moving,Other-relative,Asian-Pac-Islander,Male,12099,1828,35,Japan
[0.9968725442886353],1,37,Self-emp-inc,Some-college,11,Never-married,Farming-fishing,Husband,Other,Male,3820,2008,40,Japan
[0.9940434694290161],1,17,Self-emp-not-inc,Assoc-acdm,4,Married-civ-spouse,Machine-op-inspct,Unmarried,Other,Female,4386,2507,44,Japan
[0.9975312352180481],1,22,Self-emp-inc,7th-8th,13,Divorced,Tech-support,Husband,Amer-Indian-Eskimo,Female,3103,1894,50,Japan
[0.9811925888061523],1,37,Private,Doctorate,4,Married-AF-spouse,Craft-repair,Not-in-family,Amer-Indian-Eskimo,Female,3103,2008,32,Japan
[1.0],1,28,Local-gov,Assoc-voc,14,Divorced,Protective-serv,Husband,Amer-Indian-Eskimo,Female,12099,1564,32,Japan
[0.9992260932922363],1,22,Self-emp-not-inc,Prof-school,9,Divorced,Armed-Forces,Own-child,Amer-Indian-Eskimo,Female,4386,2507,40,Japan
[1.0],1,30,Local-gov,5th-6th,1,Widowed,Priv-house-serv,Own-child,Black,Male,12099,1816,32,Japan
[0.9942448139190674],1,37,Private,10th,9,Never-married,Adm-clerical,Other-relative,Amer-Indian-Eskimo,Female,4386,2507,32,Japan
[0.9998482465744019],1,22,Self-emp-not-inc,Preschool,13,Married-civ-spouse,Exec-managerial,Other-relative,Black,Male,3820,1816,35,Japan
[0.999779462814331],1,22,Local-gov,12th,9,Married-civ-spouse,Exec-managerial,Own-child,Other,Male,3103,2008,65,Japan
[0.9996051788330078],1,89,Self-emp-inc,1st-4th,13,Separated,Craft-repair,Wife,Asian-Pac-Islander,Female,3103,2008,40,Japan
[0.010934889316558838],0,24,Federal-gov,Bachelors,9,Divorced,Handlers-cleaners,Not-in-family,Black,Female,0,115,42,Yugoslavia
[0.9999948740005493],1,27,Without-pay,HS-grad,13,Widowed,Prof-specialty,Wife,Asian-Pac-Islander,Male,4386,1564,65,Yugoslavia
[0.9715840816497803],1,28,State-gov,11th,14,Never-married,Other-service,Own-child,Other,Female,3820,1587,31,Yugoslavia
[0.9997049570083618],1,89,Private,Masters,15,Married-civ-spouse,Sales,Unmarried,Amer-Indian-Eskimo,Male,3103,1816,32,Yugoslavia
[1.0],1,17,Local-gov,9th,1,Married-spouse-absent,Transport-moving,Other-relative,Amer-Indian-Eskimo,Female,12099,1828,35,Yugoslavia
[1.0],1,22,Self-emp-inc,Some-college,11,Separated,Farming-fishing,Husband,Asian-Pac-Islander,Female,12099,2008,40,Yugoslavia
[0.9756307601928711],1,30,Self-emp-not-inc,Assoc-acdm,4,Married-AF-spouse,Machine-op-inspct,Own-child,Amer-Indian-Eskimo,Male,3103,2507,44,Yugoslavia
[1.0],1,37,Federal-gov,7th-8th,4,Widowed,Tech-support,Other-relative,Other,Male,12099,1894,50,Yugoslavia
[1.0],1,24,Without-pay,Doctorate,4,Married-civ-spouse,Craft-repair,Husband,Other,Female,12099,2008,50,Yugoslavia
[0.9965671896934509],1,28,Self-emp-inc,Assoc-voc,1,Never-married,Protective-serv,Husband,Black,Male,4386,2507,42,Yugoslavia
[0.9975894689559937],1,24,Self-emp-inc,Prof-school,13,Divorced,Armed-Forces,Unmarried,Amer-Indian-Eskimo,Female,3820,1587,40,Yugoslavia
[0.992914617061615],1,27,Self-emp-not-inc,5th-6th,1,Widowed,Priv-house-serv,Unmarried,Asian-Pac-Islander,Male,4386,1894,42,Yugoslavia
[0.06533238291740417],0,28,Federal-gov,10th,15,Divorced,Adm-clerical,Own-child,Other,Male,0,115,40,Yugoslavia
[0.998422384262085],1,17,State-gov,Preschool,14,Never-married,Exec-managerial,Husband,Amer-Indian-Eskimo,Female,4386,1587,42,Yugoslavia
[1.0],1,27,Without-pay,12th,13,Divorced,Other-service,Own-child,Asian-Pac-Islander,Male,12099,2507,44,Yugoslavia
[0.9995513558387756],1,28,Self-emp-not-inc,1st-4th,14,Married-civ-spouse,Adm-clerical,Husband,Asian-Pac-Islander,Female,3103,1894,40,Yugoslavia
[0.03535217046737671],0,89,Federal-gov,Bachelors,9,Widowed,Handlers-cleaners,Not-in-family,Black,Female,0,115,42,Peru
[0.999991774559021],1,24,Without-pay,HS-grad,13,Divorced,Prof-specialty,Wife,Asian-Pac-Islander,Male,4386,1564,65,Peru
[0.9895588159561157],1,27,State-gov,11th,14,Married-spouse-absent,Other-service,Own-child,Other,Female,3820,1587,31,Peru
[0.9933154582977295],1,28,Private,Masters,15,Separated,Sales,Unmarried,Amer-Indian-Eskimo,Male,3103,1816,32,Peru
[1.0],1,30,Local-gov,9th,1,Married-AF-spouse,Transport-moving,Other-relative,Amer-Indian-Eskimo,Female,12099,1828,35,Peru
[0.9988926649093628],1,37,Self-emp-inc,Some-college,11,Never-married,Farming-fishing,Husband,Other,Male,4386,2008,40,Peru
[0.9946002960205078],1,17,Self-emp-not-inc,Assoc-acdm,4,Married-civ-spouse,Machine-op-inspct,Unmarried,Asian-Pac-Islander,Male,3820,2507,44,Peru
[0.9994325637817383],1,22,Without-pay,7th-8th,15,Widowed,Tech-support,Other-relative,Amer-Indian-Eskimo,Male,3820,1894,50,Peru
[0.9999879598617554],1,37,Federal-gov,Doctorate,15,Married-civ-spouse,Craft-repair,Husband,Other,Male,3820,2008,50,Peru
[1.0],1,37,Without-pay,Assoc-voc,15,Married-spouse-absent,Protective-serv,Husband,Amer-Indian-Eskimo,Female,12099,2507,32,Peru
[0.9997856616973877],1,30,Federal-gov,Prof-school,13,Married-civ-spouse,Armed-Forces,Wife,Black,Male,3820,115,31,Peru
[0.9994760751724243],1,28,Self-emp-inc,5th-6th,14,Widowed,Priv-house-serv,Other-relative,Asian-Pac-Islander,Male,3820,1828,42,Peru
[1.0],1,27,Federal-gov,10th,11,Separated,Adm-clerical,Husband,Amer-Indian-Eskimo,Male,12099,1564,50,Peru
[1.0],1,24,Local-gov,Preschool,11,Divorced,Exec-managerial,Not-in-family,Other,Male,12099,1816,32,Peru
[0.999895453453064],1,24,Private,12th,15,Married-spouse-absent,Exec-managerial,Husband,Asian-Pac-Islander,Male,3103,1564,65,Peru
[0.9980032444000244],1,22,Private,1st-4th,1,Divorced,Transport-moving,Wife,Other,Female,4386,1587,65,Peru
[0.010782331228256226],0,24,Federal-gov,Bachelors,9,Divorced,Handlers-cleaners,Not-in-family,Black,Female,0,115,42,Outlying-US(Guam-USVI-etc)
[0.9999948740005493],1,27,Without-pay,HS-grad,13,Widowed,Prof-specialty,Wife,Asian-Pac-Islander,Male,4386,1564,65,Outlying-US(Guam-USVI-etc)
[0.9711893796920776],1,28,State-gov,11th,14,Never-married,Other-service,Own-child,Other,Female,3820,1587,31,Outlying-US(Guam-USVI-etc)
[0.9994356036186218],1,89,Private,Masters,15,Married-civ-spouse,Sales,Unmarried,Amer-Indian-Eskimo,Female,3103,1816,32,Outlying-US(Guam-USVI-etc)
[1.0],1,17,Local-gov,9th,1,Married-spouse-absent,Transport-moving,Other-relative,Other,Female,12099,1828,35,Outlying-US(Guam-USVI-etc)
[0.9905086755752563],1,22,Self-emp-inc,Some-college,11,Separated,Farming-fishing,Husband,Other,Female,3820,2008,40,Outlying-US(Guam-USVI-etc)
[0.9829082489013672],1,30,Self-emp-not-inc,Assoc-acdm,4,Married-AF-spouse,Machine-op-inspct,Own-child,Black,Male,3103,2507,44,Outlying-US(Guam-USVI-etc)
[0.9931415319442749],1,37,Self-emp-inc,7th-8th,4,Married-spouse-absent,Tech-support,Unmarried,Asian-Pac-Islander,Female,3103,1894,50,Outlying-US(Guam-USVI-etc)
[1.0],1,30,Local-gov,Doctorate,1,Never-married,Craft-repair,Wife,Black,Male,12099,1816,44,Outlying-US(Guam-USVI-etc)
[0.9985499382019043],1,28,Local-gov,Assoc-voc,15,Married-spouse-absent,Protective-serv,Own-child,Other,Male,3820,1564,31,Outlying-US(Guam-USVI-etc)
[0.9999630451202393],1,30,Self-emp-not-inc,Prof-school,15,Married-civ-spouse,Armed-Forces,Not-in-family,Other,Female,4386,2008,31,Outlying-US(Guam-USVI-etc)
[0.9893767833709717],1,24,State-gov,5th-6th,9,Married-AF-spouse,Priv-house-serv,Unmarried,Black,Female,3820,1828,40,Outlying-US(Guam-USVI-etc)
[0.999675989151001],1,37,Without-pay,10th,1,Widowed,Adm-clerical,Wife,Asian-Pac-Islander,Male,3820,2008,65,Outlying-US(Guam-USVI-etc)
[0.9978381395339966],1,24,Self-emp-not-inc,Preschool,9,Separated,Exec-managerial,Unmarried,Black,Female,4386,1564,35,Outlying-US(Guam-USVI-etc)
[0.9997973442077637],1,28,Self-emp-inc,12th,13,Never-married,Exec-managerial,Not-in-family,Asian-Pac-Islander,Female,3820,2507,42,Outlying-US(Guam-USVI-etc)
[0.9920651912689209],1,89,Without-pay,1st-4th,13,Never-married,Priv-house-serv,Husband,Amer-Indian-Eskimo,Female,3103,2008,35,Outlying-US(Guam-USVI-etc)
[0.03543153405189514],0,89,Federal-gov,Bachelors,9,Widowed,Handlers-cleaners,Not-in-family,Black,Female,0,115,42,Scotland
[0.9999918937683105],1,24,Without-pay,HS-grad,13,Divorced,Prof-specialty,Wife,Asian-Pac-Islander,Male,4386,1564,65,Scotland
[0.9940290451049805],1,27,State-gov,11th,14,Married-spouse-absent,Other-service,Own-child,Other,Male,3820,1587,31,Scotland
[0.9885246753692627],1,28,Private,Masters,15,Separated,Sales,Unmarried,Amer-Indian-Eskimo,Female,3103,1816,32,Scotland
[1.0],1,30,Local-gov,9th,1,Married-AF-spouse,Transport-moving,Other-relative,Black,Male,12099,1828,35,Scotland
[0.9940606355667114],1,37,Self-emp-inc,Some-college,11,Never-married,Farming-fishing,Husband,Other,Female,3820,2008,40,Scotland
[0.9964021444320679],1,17,Self-emp-not-inc,Assoc-acdm,4,Married-civ-spouse,Machine-op-inspct,Wife,Asian-Pac-Islander,Male,3103,2507,44,Scotland
[1.0],1,22,Federal-gov,7th-8th,9,Never-married,Tech-support,Wife,Amer-Indian-Eskimo,Male,12099,1894,50,Scotland
[0.9906973242759705],1,89,Self-emp-not-inc,Doctorate,4,Married-AF-spouse,Craft-repair,Own-child,Asian-Pac-Islander,Female,3820,115,44,Scotland
[0.9954850673675537],1,28,Without-pay,Assoc-voc,11,Married-spouse-absent,Protective-serv,Not-in-family,Amer-Indian-Eskimo,Male,3103,2507,32,Scotland
[0.022277146577835083],0,28,Self-emp-inc,Prof-school,4,Separated,Armed-Forces,Not-in-family,Other,Male,0,115,44,Scotland
[0.9786338806152344],1,28,Without-pay,5th-6th,4,Separated,Priv-house-serv,Not-in-family,Amer-Indian-Eskimo,Male,3103,2507,50,Scotland
[0.9930157661437988],1,28,Private,10th,9,Married-civ-spouse,Adm-clerical,Own-child,Black,Male,3103,2008,31,Scotland
[1.0],1,28,Self-emp-not-inc,Preschool,14,Married-civ-spouse,Exec-managerial,Own-child,Asian-Pac-Islander,Male,12099,1816,32,Scotland
[0.9999405145645142],1,27,Self-emp-not-inc,12th,15,Separated,Sales,Wife,Black,Male,3103,1564,65,Scotland
[0.9983413219451904],1,30,Local-gov,1st-4th,11,Married-AF-spouse,Other-service,Own-child,Other,Male,4386,1564,35,Scotland
[0.010843664407730103],0,24,Federal-gov,Bachelors,9,Divorced,Handlers-cleaners,Not-in-family,Black,Female,0,115,42,Trinadad&Tobago
[0.9999948740005493],1,27,Without-pay,HS-grad,13,Widowed,Prof-specialty,Wife,Asian-Pac-Islander,Male,4386,1564,65,Trinadad&Tobago
[0.9833375215530396],1,28,State-gov,11th,14,Never-married,Other-service,Own-child,Other,Male,3820,1587,31,Trinadad&Tobago
[0.9997027516365051],1,89,Private,Masters,15,Married-civ-spouse,Sales,Unmarried,Amer-Indian-Eskimo,Male,3103,1816,32,Trinadad&Tobago
[1.0],1,17,Local-gov,9th,1,Married-spouse-absent,Transport-moving,Other-relative,Other,Male,12099,1828,35,Trinadad&Tobago
[0.978753924369812],1,22,Self-emp-inc,Some-college,11,Separated,Farming-fishing,Husband,Amer-Indian-Eskimo,Male,3103,2008,40,Trinadad&Tobago
[0.9936884641647339],1,30,Self-emp-not-inc,Assoc-acdm,4,Married-AF-spouse,Machine-op-inspct,Own-child,Other,Male,3820,2507,44,Trinadad&Tobago
[0.9996797442436218],1,37,State-gov,7th-8th,11,Divorced,Tech-support,Wife,Other,Male,3103,1894,50,Trinadad&Tobago
[0.9994882345199585],1,27,Self-emp-inc,Doctorate,11,Separated,Craft-repair,Unmarried,Amer-Indian-Eskimo,Male,4386,2008,42,Trinadad&Tobago
[1.0],1,37,Without-pay,Assoc-voc,9,Widowed,Protective-serv,Wife,Other,Male,12099,2008,44,Trinadad&Tobago
[0.9999433755874634],1,28,Local-gov,Prof-school,15,Divorced,Armed-Forces,Own-child,Black,Male,4386,2008,44,Trinadad&Tobago
[0.996964693069458],1,22,Local-gov,5th-6th,15,Widowed,Priv-house-serv,Own-child,Other,Female,4386,1564,31,Trinadad&Tobago
[0.9719758033752441],1,17,State-gov,10th,13,Married-AF-spouse,Adm-clerical,Unmarried,Black,Male,3103,2008,32,Trinadad&Tobago
[1.0],1,37,Local-gov,Preschool,14,Separated,Exec-managerial,Own-child,Other,Female,12099,1828,40,Trinadad&Tobago
[0.9923000931739807],1,37,Local-gov,12th,4,Widowed,Adm-clerical,Not-in-family,Amer-Indian-Eskimo,Male,3820,1816,31,Trinadad&Tobago
[0.9565509557723999],1,17,Without-pay,1st-4th,4,Married-civ-spouse,Sales,Unmarried,Amer-Indian-Eskimo,Female,3103,2008,44,Trinadad&Tobago
[0.03800657391548157],0,89,Federal-gov,Bachelors,9,Widowed,Handlers-cleaners,Not-in-family,Black,Female,0,115,42,Greece
[0.9999924898147583],1,24,Without-pay,HS-grad,13,Divorced,Prof-specialty,Wife,Asian-Pac-Islander,Male,4386,1564,65,Greece
[0.9944192171096802],1,27,State-gov,11th,14,Married-spouse-absent,Other-service,Own-child,Other,Male,3820,1587,31,Greece
[0.9938079118728638],1,28,Private,Masters,15,Separated,Sales,Unmarried,Amer-Indian-Eskimo,Male,3103,1816,32,Greece
[1.0],1,30,Local-gov,9th,1,Married-AF-spouse,Transport-moving,Other-relative,Black,Female,12099,1828,35,Greece
[0.9988524913787842],1,37,Self-emp-inc,Some-college,11,Never-married,Farming-fishing,Husband,Black,Female,4386,2008,40,Greece
[0.9927940368652344],1,17,Self-emp-not-inc,Assoc-acdm,4,Married-civ-spouse,Machine-op-inspct,Own-child,Other,Male,3820,2507,44,Greece
[0.9997033476829529],1,22,Without-pay,7th-8th,13,Married-AF-spouse,Tech-support,Unmarried,Black,Female,4386,1894,50,Greece
[0.9740662574768066],1,30,Private,Doctorate,11,Never-married,Craft-repair,Husband,Other,Male,3103,1587,35,Greece
[0.997948944568634],1,17,Self-emp-not-inc,Assoc-voc,9,Married-civ-spouse,Protective-serv,Wife,Other,Male,3103,2008,31,Greece
[0.9993996024131775],1,22,Private,Prof-school,14,Separated,Armed-Forces,Not-in-family,Amer-Indian-Eskimo,Male,3820,1828,44,Greece
[0.9898043274879456],1,22,Local-gov,5th-6th,4,Separated,Priv-house-serv,Wife,Amer-Indian-Eskimo,Female,3820,1828,50,Greece
[0.9996663331985474],1,28,Local-gov,10th,9,Widowed,Adm-clerical,Wife,Amer-Indian-Eskimo,Female,3820,1828,65,Greece
[0.9963243007659912],1,24,Federal-gov,Preschool,11,Married-civ-spouse,Exec-managerial,Other-relative,Other,Female,3103,1894,32,Greece
[0.9891682863235474],1,28,Self-emp-not-inc,12th,9,Married-spouse-absent,Prof-specialty,Other-relative,Black,Female,3103,1816,35,Greece
[0.9997431039810181],1,37,Local-gov,1st-4th,11,Separated,Transport-moving,Not-in-family,Other,Male,4386,1894,42,Greece
[0.010806739330291748],0,24,Federal-gov,Bachelors,9,Divorced,Handlers-cleaners,Not-in-family,Black,Female,0,115,42,Nicaragua
[0.9999948740005493],1,27,Without-pay,HS-grad,13,Widowed,Prof-specialty,Wife,Asian-Pac-Islander,Male,4386,1564,65,Nicaragua
[0.9832810163497925],1,28,State-gov,11th,14,Never-married,Other-service,Own-child,Other,Male,3820,1587,31,Nicaragua
[0.9997012615203857],1,89,Private,Masters,15,Married-civ-spouse,Sales,Unmarried,Amer-Indian-Eskimo,Male,3103,1816,32,Nicaragua
[1.0],1,17,Local-gov,9th,1,Married-spouse-absent,Transport-moving,Other-relative,Asian-Pac-Islander,Male,12099,1828,35,Nicaragua
[0.998245120048523],1,22,Self-emp-inc,Some-college,11,Separated,Farming-fishing,Husband,Other,Male,4386,2008,40,Nicaragua
[0.9936667680740356],1,30,Self-emp-not-inc,Assoc-acdm,4,Married-AF-spouse,Machine-op-inspct,Own-child,Other,Male,3820,2507,44,Nicaragua
[1.0],1,37,Federal-gov,7th-8th,1,Divorced,Tech-support,Wife,Black,Female,12099,1894,50,Nicaragua
[0.9992892742156982],1,24,Private,Doctorate,14,Never-married,Craft-repair,Not-in-family,Amer-Indian-Eskimo,Male,4386,2507,31,Nicaragua
[0.9998142719268799],1,27,Private,Assoc-voc,9,Married-AF-spouse,Protective-serv,Wife,Asian-Pac-Islander,Male,4386,1587,31,Nicaragua
[0.9994574785232544],1,17,Without-pay,Prof-school,11,Married-civ-spouse,Armed-Forces,Unmarried,Black,Female,4386,1564,42,Nicaragua
[1.0],1,37,State-gov,5th-6th,4,Married-spouse-absent,Priv-house-serv,Own-child,Asian-Pac-Islander,Female,12099,2507,42,Nicaragua
[0.9996859431266785],1,27,Self-emp-inc,10th,13,Married-civ-spouse,Adm-clerical,Unmarried,Amer-Indian-Eskimo,Female,3820,2507,44,Nicaragua
[0.9990306496620178],1,89,Self-emp-not-inc,Preschool,11,Separated,Exec-managerial,Unmarried,Amer-Indian-Eskimo,Female,3103,1587,65,Nicaragua
[0.9984017610549927],1,37,State-gov,12th,1,Married-civ-spouse,Other-service,Unmarried,Asian-Pac-Islander,Male,3820,1894,50,Nicaragua
[0.9998704195022583],1,28,Private,1st-4th,11,Divorced,Priv-house-serv,Husband,Asian-Pac-Islander,Female,4386,1564,65,Nicaragua
[0.041962385177612305],0,89,Federal-gov,Bachelors,9,Widowed,Handlers-cleaners,Not-in-family,Black,Female,0,115,42,Vietnam
[0.9999940395355225],1,24,Without-pay,HS-grad,13,Divorced,Prof-specialty,Wife,Asian-Pac-Islander,Male,4386,1564,65,Vietnam
[0.9956006407737732],1,27,State-gov,11th,14,Married-spouse-absent,Other-service,Own-child,Other,Male,3820,1587,31,Vietnam
[0.9915326833724976],1,28,Private,Masters,15,Separated,Sales,Unmarried,Amer-Indian-Eskimo,Female,3103,1816,32,Vietnam
[1.0],1,30,Local-gov,9th,1,Married-AF-spouse,Transport-moving,Other-relative,Black,Male,12099,1828,35,Vietnam
[0.9974812865257263],1,37,Self-emp-inc,Some-college,11,Never-married,Farming-fishing,Husband,Other,Male,3820,2008,40,Vietnam
[0.9963392019271851],1,17,Self-emp-not-inc,Assoc-acdm,4,Married-civ-spouse,Machine-op-inspct,Own-child,Black,Male,3820,2507,44,Vietnam
[0.9930069446563721],1,22,State-gov,7th-8th,9,Married-AF-spouse,Tech-support,Unmarried,Amer-Indian-Eskimo,Male,3103,1894,50,Vietnam
[0.9999019503593445],1,27,State-gov,Doctorate,15,Never-married,Craft-repair,Wife,Asian-Pac-Islander,Female,4386,2507,32,Vietnam
[0.9999678134918213],1,89,Self-emp-inc,Assoc-voc,15,Never-married,Protective-serv,Wife,Black,Female,4386,1587,40,Vietnam
[0.987584114074707],1,30,Self-emp-inc,Prof-school,9,Separated,Armed-Forces,Other-relative,Other,Male,3103,1587,35,Vietnam
[1.0],1,28,Federal-gov,5th-6th,15,Divorced,Priv-house-serv,Unmarried,Asian-Pac-Islander,Male,12099,1894,31,Vietnam
[0.9887120723724365],1,17,Local-gov,10th,9,Married-spouse-absent,Adm-clerical,Unmarried,Asian-Pac-Islander,Female,4386,1816,32,Vietnam
[0.9991873502731323],1,37,Local-gov,Preschool,11,Widowed,Exec-managerial,Unmarried,Black,Female,3820,1587,35,Vietnam
[1.0],1,24,Local-gov,12th,4,Married-civ-spouse,Priv-house-serv,Other-relative,Other,Male,12099,115,65,Vietnam
[1.0],1,22,Self-emp-inc,1st-4th,1,Married-AF-spouse,Armed-Forces,Not-in-family,Other,Male,12099,115,65,Vietnam
[0.00835353136062622],0,24,Federal-gov,Bachelors,9,Divorced,Handlers-cleaners,Not-in-family,Black,Female,0,115,42,Hong
[0.9999934434890747],1,27,Without-pay,HS-grad,13,Widowed,Prof-specialty,Wife,Asian-Pac-Islander,Male,4386,1564,65,Hong
[0.9630345106124878],1,28,State-gov,11th,14,Never-married,Other-service,Own-child,Other,Female,3820,1587,31,Hong
[0.9993472099304199],1,89,Private,Masters,15,Married-civ-spouse,Sales,Unmarried,Amer-Indian-Eskimo,Female,3103,1816,32,Hong
[1.0],1,17,Local-gov,9th,1,Married-spouse-absent,Transport-moving,Other-relative,Asian-Pac-Islander,Male,12099,1828,35,Hong
[0.996753990650177],1,22,Self-emp-inc,Some-college,11,Separated,Farming-fishing,Husband,Asian-Pac-Islander,Male,3820,2008,40,Hong
[0.9905120134353638],1,30,Self-emp-not-inc,Assoc-acdm,4,Married-AF-spouse,Machine-op-inspct,Husband,Amer-Indian-Eskimo,Female,3820,2507,44,Hong
[1.0],1,37,State-gov,7th-8th,11,Married-AF-spouse,Tech-support,Other-relative,Asian-Pac-Islander,Male,12099,1894,50,Hong
[0.9952579736709595],1,24,Self-emp-not-inc,Doctorate,9,Married-spouse-absent,Craft-repair,Unmarried,Asian-Pac-Islander,Male,3820,1894,32,Hong
[0.9980778694152832],1,27,State-gov,Assoc-voc,11,Never-married,Protective-serv,Other-relative,Amer-Indian-Eskimo,Female,4386,2507,44,Hong
[0.9952315092086792],1,17,State-gov,Prof-school,4,Never-married,Armed-Forces,Husband,Other,Male,4386,1587,65,Hong
[0.9623537063598633],1,28,Federal-gov,5th-6th,13,Never-married,Priv-house-serv,Other-relative,Amer-Indian-Eskimo,Male,3103,1564,44,Hong
[0.9979962110519409],1,37,Local-gov,10th,13,Widowed,Adm-clerical,Wife,Amer-Indian-Eskimo,Male,3103,1816,32,Hong
[1.0],1,22,Self-emp-not-inc,Preschool,14,Married-civ-spouse,Exec-managerial,Not-in-family,Amer-Indian-Eskimo,Male,12099,1828,31,Hong
[0.8564803600311279],1,17,State-gov,12th,13,Married-civ-spouse,Prof-specialty,Wife,Amer-Indian-Eskimo,Male,0,115,65,Hong
[0.9518113732337952],1,24,Local-gov,1st-4th,4,Divorced,Craft-repair,Unmarried,Asian-Pac-Islander,Male,4386,115,40,Hong
[0.037946492433547974],0,89,Federal-gov,Bachelors,9,Widowed,Handlers-cleaners,Not-in-family,Black,Female,0,115,42,Ireland
[0.9999924302101135],1,24,Without-pay,HS-grad,13,Divorced,Prof-specialty,Wife,Asian-Pac-Islander,Male,4386,1564,65,Ireland
[0.990273654460907],1,27,State-gov,11th,14,Married-spouse-absent,Other-service,Own-child,Other,Female,3820,1587,31,Ireland
[0.9937747120857239],1,28,Private,Masters,15,Separated,Sales,Unmarried,Amer-Indian-Eskimo,Male,3103,1816,32,Ireland
[1.0],1,30,Local-gov,9th,1,Married-AF-spouse,Transport-moving,Other-relative,Other,Male,12099,1828,35,Ireland
[0.9969888925552368],1,37,Self-emp-inc,Some-college,11,Never-married,Farming-fishing,Husband,Amer-Indian-Eskimo,Male,3820,2008,40,Ireland
[0.9928315877914429],1,17,Self-emp-not-inc,Assoc-acdm,4,Married-civ-spouse,Machine-op-inspct,Not-in-family,Amer-Indian-Eskimo,Female,3820,2507,44,Ireland
[1.0],1,22,Without-pay,7th-8th,11,Married-spouse-absent,Tech-support,Not-in-family,Amer-Indian-Eskimo,Male,12099,1894,50,Ireland
[1.0],1,24,Self-emp-not-inc,Doctorate,14,Married-civ-spouse,Craft-repair,Wife,Asian-Pac-Islander,Male,12099,115,35,Ireland
[0.9996885061264038],1,37,Local-gov,Assoc-voc,14,Divorced,Protective-serv,Own-child,Other,Female,4386,1828,32,Ireland
[1.0],1,28,Self-emp-not-inc,Prof-school,1,Married-spouse-absent,Armed-Forces,Other-relative,Asian-Pac-Islander,Female,12099,1564,50,Ireland
[0.7938957214355469],1,30,Without-pay,5th-6th,1,Married-spouse-absent,Priv-house-serv,Not-in-family,Other,Male,3820,115,35,Ireland
[0.9998655319213867],1,89,State-gov,10th,13,Married-spouse-absent,Adm-clerical,Husband,Black,Female,3820,1564,65,Ireland
[1.0],1,28,Self-emp-inc,Preschool,15,Divorced,Exec-managerial,Not-in-family,Amer-Indian-Eskimo,Female,12099,1828,35,Ireland
[1.0],1,27,Self-emp-inc,12th,13,Divorced,Farming-fishing,Husband,Asian-Pac-Islander,Female,12099,2507,42,Ireland
[1.0],1,89,Self-emp-inc,1st-4th,14,Separated,Sales,Wife,Asian-Pac-Islander,Male,12099,2008,42,Ireland
[0.010819405317306519],0,24,Federal-gov,Bachelors,9,Divorced,Handlers-cleaners,Not-in-family,Black,Female,0,115,42,Hungary
[0.9999948740005493],1,27,Without-pay,HS-grad,13,Widowed,Prof-specialty,Wife,Asian-Pac-Islander,Male,4386,1564,65,Hungary
[0.9712862372398376],1,28,State-gov,11th,14,Never-married,Other-service,Own-child,Other,Female,3820,1587,31,Hungary
[0.9994370937347412],1,89,Private,Masters,15,Married-civ-spouse,Sales,Unmarried,Amer-Indian-Eskimo,Female,3103,1816,32,Hungary
[1.0],1,17,Local-gov,9th,1,Married-spouse-absent,Transport-moving,Other-relative,Amer-Indian-Eskimo,Female,12099,1828,35,Hungary
[0.9635105133056641],1,22,Self-emp-inc,Some-college,11,Separated,Farming-fishing,Husband,Amer-Indian-Eskimo,Female,3103,2008,40,Hungary
[1.0],1,30,Self-emp-not-inc,Assoc-acdm,4,Married-AF-spouse,Machine-op-inspct,Own-child,Other,Male,12099,2507,44,Hungary
[0.998882532119751],1,37,Self-emp-inc,7th-8th,15,Never-married,Tech-support,Husband,Amer-Indian-Eskimo,Female,3103,1894,50,Hungary
[0.9972373247146606],1,27,Self-emp-not-inc,Doctorate,4,Married-spouse-absent,Craft-repair,Husband,Asian-Pac-Islander,Male,3103,2507,50,Hungary
[0.9985536336898804],1,30,State-gov,Assoc-voc,15,Widowed,Protective-serv,Husband,Asian-Pac-Islander,Male,3103,1564,32,Hungary
[0.9995306730270386],1,89,Self-emp-not-inc,Prof-school,9,Married-civ-spouse,Armed-Forces,Own-child,Other,Male,3103,1564,50,Hungary
[0.9973822832107544],1,28,Federal-gov,5th-6th,9,Divorced,Priv-house-serv,Unmarried,Other,Male,4386,1587,44,Hungary
[1.0],1,28,Federal-gov,10th,11,Separated,Adm-clerical,Unmarried,Asian-Pac-Islander,Female,12099,1894,35,Hungary
[1.0],1,24,Self-emp-inc,Preschool,9,Divorced,Exec-managerial,Other-relative,Black,Female,12099,2507,65,Hungary
[1.0],1,27,Federal-gov,12th,13,Separated,Farming-fishing,Other-relative,Amer-Indian-Eskimo,Male,12099,1894,50,Hungary
[0.9953718781471252],1,22,Local-gov,1st-4th,9,Married-AF-spouse,Farming-fishing,Not-in-family,Asian-Pac-Islander,Female,3820,2507,31,Hungary
[0.03789374232292175],0,89,Federal-gov,Bachelors,9,Widowed,Handlers-cleaners,Not-in-family,Black,Female,0,115,42,Holand-Netherlands
[0.9999923706054688],1,24,Without-pay,HS-grad,13,Divorced,Prof-specialty,Wife,Asian-Pac-Islander,Male,4386,1564,65,Holand-Netherlands
[0.9902576208114624],1,27,State-gov,11th,14,Married-spouse-absent,Other-service,Own-child,Other,Female,3820,1587,31,Holand-Netherlands
[0.9891955256462097],1,28,Private,Masters,15,Separated,Sales,Unmarried,Amer-Indian-Eskimo,Female,3103,1816,32,Holand-Netherlands
[1.0],1,30,Local-gov,9th,1,Married-AF-spouse,Transport-moving,Other-relative,Black,Female,12099,1828,35,Holand-Netherlands
[1.0],1,37,Self-emp-inc,Some-college,11,Never-married,Farming-fishing,Husband,Black,Male,12099,2008,40,Holand-Netherlands
[1.0],1,17,Self-emp-not-inc,Assoc-acdm,4,Married-civ-spouse,Machine-op-inspct,Other-relative,Black,Female,12099,2507,44,Holand-Netherlands
[0.9993666410446167],1,22,Without-pay,7th-8th,14,Married-civ-spouse,Tech-support,Own-child,Black,Female,3103,1894,50,Holand-Netherlands
[0.9987817406654358],1,37,State-gov,Doctorate,4,Separated,Craft-repair,Own-child,Black,Female,3820,1587,65,Holand-Netherlands
[0.9998887777328491],1,22,Self-emp-inc,Assoc-voc,15,Married-civ-spouse,Protective-serv,Unmarried,Other,Male,4386,2008,31,Holand-Netherlands
[0.9977414608001709],1,89,State-gov,Prof-school,13,Never-married,Armed-Forces,Own-child,Other,Female,4386,115,32,Holand-Netherlands
[1.0],1,89,Federal-gov,5th-6th,11,Married-spouse-absent,Priv-house-serv,Other-relative,Asian-Pac-Islander,Male,12099,2008,44,Holand-Netherlands
[0.9955764412879944],1,28,State-gov,10th,4,Married-AF-spouse,Adm-clerical,Own-child,Black,Female,4386,2008,42,Holand-Netherlands
[1.0],1,22,Local-gov,Preschool,14,Never-married,Exec-managerial,Unmarried,Asian-Pac-Islander,Female,12099,1816,42,Holand-Netherlands
[1.0],1,30,Self-emp-not-inc,12th,13,Married-civ-spouse,Craft-repair,Not-in-family,Asian-Pac-Islander,Female,12099,1816,44,Holand-Netherlands
[0.9922244548797607],1,28,Self-emp-not-inc,1st-4th,14,Married-civ-spouse,Farming-fishing,Unmarried,Amer-Indian-Eskimo,Female,3820,115,32,Holand-Netherlands
[0.010504662990570068],0,22,Without-pay,Assoc-acdm,15,Never-married,Craft-repair,Own-child,Asian-Pac-Islander,Male,0,115,35,Cuba
[0.022283315658569336],0,24,Federal-gov,Prof-school,1,Married-civ-spouse,Sales,Unmarried,Amer-Indian-Eskimo,Female,0,115,50,Jamaica
[0.19006207585334778],0,28,Local-gov,Masters,15,Married-civ-spouse,Adm-clerical,Other-relative,Other,Female,0,115,44,India
[0.3380504846572876],0,37,Self-emp-not-inc,HS-grad,9,Married-spouse-absent,Priv-house-serv,Own-child,Asian-Pac-Islander,Male,0,115,65,Mexico
[0.0029375553131103516],0,22,Self-emp-inc,HS-grad,1,Married-civ-spouse,Machine-op-inspct,Unmarried,Other,Female,0,115,32,Puerto-Rico
[0.3445438742637634],0,27,State-gov,Masters,14,Married-civ-spouse,Sales,Unmarried,Asian-Pac-Islander,Male,0,115,32,Honduras
[0.00703391432762146],0,27,Private,5th-6th,1,Widowed,Other-service,Other-relative,Asian-Pac-Islander,Female,0,115,32,England
[0.008514225482940674],0,22,State-gov,Bachelors,1,Married-civ-spouse,Adm-clerical,Not-in-family,White,Female,0,115,32,United-States
[0.021615326404571533],0,24,Private,HS-grad,4,Divorced,Exec-managerial,Husband,White,Male,0,115,35,United-States
[0.03256919980049133],0,28,Federal-gov,11th,11,Separated,Handlers-cleaners,Own-child,White,Male,0,115,40,United-States
[0.6317299008369446],1,37,Local-gov,Masters,13,Widowed,Prof-specialty,Other-relative,White,Male,0,115,50,United-States
[0.4995407462120056],0,89,Without-pay,Some-college,11,Divorced,Other-service,Not-in-family,White,Male,0,115,65,United-States
[0.040091484785079956],0,28,State-gov,Assoc-acdm,11,Never-married,Transport-moving,Wife,White,Female,0,115,42,United-States
[0.04354998469352722],0,30,Federal-gov,Doctorate,9,Married-AF-spouse,Farming-fishing,Own-child,White,Female,0,115,35,United-States
[0.18583041429519653],0,24,State-gov,Assoc-voc,15,Married-AF-spouse,Tech-support,Unmarried,White,Male,0,115,40,United-States
[0.04632720351219177],0,27,Without-pay,5th-6th,14,Widowed,Craft-repair,Unmarried,White,Male,0,115,32,United-States
[0.004574596881866455],0,24,Without-pay,10th,1,Separated,Armed-Forces,Own-child,White,Male,0,115,44,United-States
[0.021610885858535767],0,37,State-gov,Preschool,1,Married-AF-spouse,Priv-house-serv,Husband,White,Female,0,115,31,United-States
[0.7132478356361389],1,37,State-gov,12th,15,Married-AF-spouse,Handlers-cleaners,Husband,White,Female,0,115,65,United-States
[0.32793956995010376],0,89,State-gov,1st-4th,14,Married-AF-spouse,Other-service,Other-relative,White,Male,0,115,44,United-States
